game_id,gameCount,Team 1,Team 2,Team 1 Score,Team 2 Score,Team 1 Win,Team 2 Win,Team 1 Rushing Attempts,Team 2 Rushing Attempts,Team 1 Rushing Yards,Team 2 Rushing Yards,Team 1 YPC,Team 2 YPC,Team 1 Pass Completions,Team 2 Pass Completions,Team 1 Pass Attempts,Team 2 Pass Attempts,Team 1 Completion Percentage,Team 2 Completion Percentage,Team 1 YPA,Team 2 YPA,Team 1 Passing Yards,Team 2 Passing Yards,Team 1 Total Yards,Team 2 Total Yards,Team 1 Times Sacked,Team 2 Times Sacked,Team 1 Sack Yardage,Team 2 Sack Yardage,Team 1 3rd Down Conversions,Team 2 3rd Down Conversions,Team 1 3rd Down Attempts,Team 2 3rd Down Attempts,Team 1 3rd Down Conversion Rate,Team 2 3rd Down Conversion Rate,Team 1 Turnovers on Downs,Team 2 Turnovers on Downs,Team 1 Fumbles Lost,Team 2 Fumbles Lost,Team 1 Interceptions Thrown,Team 2 Interceptions Thrown,Team 1 Total Turnovers,Team 2 Total Turnovers,Team 1 Penalties,Team 2 Penalties,Team 1 Penalty Yardage,Team 2 Penalty Yardage
2015091300,0,NE,PIT,28,21,1,0,24.0,25.0,80.0,134.0,3.3,5.4,25.0,26.0,32.0,38.0,78.10000000000001,68.4,8.8,8.7,281.0,330.0,361.0,464.0,2.0,3.0,-7.0,-21.0,7.0,7.0,11.0,15.0,63.6,46.7,0.0,0.0,0.0,0.0,0.0,1.0,0.0,1.0,7.0,8.0,64.0,77.0
2015091301,1,GB,CHI,31,23,1,0,30.0,33.0,133.0,189.0,4.4,5.7,18.0,18.0,23.0,36.0,78.3,50.0,8.2,5.9,189.0,213.0,322.0,402.0,0.0,2.0,0.0,-12.0,6.0,11.0,10.0,17.0,60.0,64.7,0.0,1.0,0.0,0.0,0.0,1.0,0.0,1.0,10.0,6.0,74.0,64.0
2015091302,2,STL,SEA,34,31,1,0,26.0,32.0,76.0,124.0,2.9,3.9,18.0,32.0,27.0,41.0,66.7,78.0,10.2,5.3,276.0,219.0,352.0,343.0,2.0,6.0,-21.0,-32.0,6.0,8.0,11.0,19.0,54.50000000000001,42.1,0.0,1.0,3.0,0.0,0.0,1.0,3.0,1.0,4.0,7.0,30.0,46.0
2015091303,3,CAR,JAC,20,9,1,0,35.0,21.0,105.0,96.0,3.0,4.6,18.0,22.0,31.0,40.0,58.099999999999994,55.00000000000001,5.1,4.2,158.0,169.0,263.0,265.0,2.0,5.0,-17.0,-14.0,8.0,3.0,17.0,12.0,47.099999999999994,25.0,0.0,1.0,0.0,1.0,1.0,2.0,1.0,3.0,3.0,3.0,22.0,25.0
2015091304,4,MIA,WAS,17,10,1,0,18.0,37.0,74.0,161.0,4.1,4.4,22.0,21.0,34.0,31.0,64.7,67.7,5.4,6.1,182.0,188.0,256.0,349.0,3.0,1.0,-44.0,-8.0,5.0,6.0,12.0,14.0,41.699999999999996,42.9,1.0,1.0,1.0,0.0,0.0,2.0,1.0,2.0,6.0,11.0,39.0,88.0
2015091305,5,BUF,IND,27,14,1,0,36.0,17.0,147.0,64.0,4.1,3.8,14.0,26.0,19.0,49.0,73.7,53.1,10.3,4.9,195.0,240.0,342.0,304.0,0.0,2.0,0.0,-3.0,5.0,8.0,13.0,15.0,38.5,53.300000000000004,0.0,0.0,0.0,1.0,0.0,3.0,0.0,4.0,11.0,5.0,113.0,49.0
2015091306,6,CLE,NYJ,10,31,0,1,28.0,36.0,104.0,154.0,3.7,4.3,18.0,15.0,32.0,24.0,56.2,62.5,6.8,7.5,217.0,179.0,321.0,333.0,3.0,0.0,-14.0,0.0,8.0,7.0,16.0,13.0,50.0,53.800000000000004,1.0,1.0,4.0,0.0,1.0,1.0,5.0,1.0,12.0,4.0,109.0,30.0
2015091307,7,HOU,KC,20,27,0,1,21.0,32.0,98.0,97.0,4.7,3.0,26.0,22.0,47.0,33.0,55.300000000000004,66.7,6.3,7.1,298.0,233.0,396.0,330.0,5.0,2.0,-36.0,-10.0,3.0,3.0,14.0,13.0,21.4,23.1,1.0,0.0,1.0,0.0,1.0,0.0,2.0,0.0,6.0,2.0,39.0,25.0
2015091308,8,NO,ARI,19,31,0,1,20.0,25.0,54.0,120.0,2.7,4.8,30.0,19.0,48.0,32.0,62.5,59.4,7.4,9.6,354.0,307.0,408.0,427.0,2.0,0.0,-1.0,0.0,7.0,5.0,18.0,10.0,38.9,50.0,1.0,0.0,0.0,1.0,1.0,0.0,1.0,1.0,7.0,5.0,73.0,30.0
2015091309,9,SD,DET,33,28,1,0,31.0,16.0,96.0,69.0,3.1,4.3,34.0,19.0,41.0,30.0,82.89999999999999,63.3,9.4,7.8,387.0,233.0,483.0,302.0,2.0,1.0,-16.0,-13.0,6.0,3.0,11.0,10.0,54.50000000000001,30.0,0.0,0.0,1.0,0.0,2.0,2.0,3.0,2.0,5.0,4.0,40.0,29.0
2015091310,10,DEN,BAL,19,13,1,0,25.0,23.0,69.0,73.0,2.8,3.2,24.0,18.0,40.0,32.0,60.0,56.2,3.8,3.1,150.0,100.0,219.0,173.0,4.0,2.0,-25.0,-17.0,8.0,2.0,18.0,13.0,44.4,15.4,0.0,0.0,0.0,0.0,1.0,2.0,1.0,2.0,8.0,3.0,45.0,15.0
2015091311,11,CIN,OAK,33,13,1,0,31.0,16.0,127.0,63.0,4.1,3.9,25.0,30.0,34.0,43.0,73.5,69.8,7.9,4.3,269.0,183.0,396.0,246.0,0.0,2.0,0.0,-20.0,4.0,3.0,13.0,12.0,30.8,25.0,0.0,1.0,0.0,1.0,0.0,1.0,0.0,2.0,6.0,5.0,50.0,32.0
2015091312,12,TB,TEN,14,42,0,1,26.0,32.0,92.0,124.0,3.5,3.9,16.0,13.0,33.0,15.0,48.5,86.7,5.5,12.3,181.0,185.0,273.0,309.0,4.0,2.0,-29.0,-24.0,3.0,4.0,14.0,9.0,21.4,44.4,2.0,0.0,0.0,1.0,2.0,0.0,2.0,1.0,12.0,8.0,97.0,55.0
2015091400,13,NYG,DAL,26,27,0,1,24.0,23.0,99.0,80.0,4.1,3.5,20.0,36.0,36.0,45.0,55.60000000000001,80.0,5.3,7.9,190.0,356.0,289.0,436.0,1.0,0.0,-3.0,0.0,6.0,6.0,14.0,11.0,42.9,54.50000000000001,0.0,0.0,0.0,1.0,0.0,2.0,0.0,3.0,5.0,3.0,44.0,35.0
2015091401,14,ATL,PHI,26,24,1,0,35.0,16.0,105.0,63.0,3.0,3.9,23.0,36.0,34.0,52.0,67.60000000000001,69.19999999999999,8.5,6.5,290.0,336.0,395.0,399.0,1.0,0.0,-8.0,0.0,4.0,3.0,14.0,12.0,28.599999999999998,25.0,0.0,0.0,0.0,0.0,2.0,2.0,2.0,2.0,7.0,10.0,57.0,88.0
2015091700,15,MIN,SF,3,20,0,1,17.0,39.0,71.0,230.0,4.2,5.9,23.0,17.0,32.0,26.0,71.89999999999999,65.4,5.5,6.3,177.0,165.0,248.0,395.0,5.0,1.0,-54.0,0.0,1.0,5.0,9.0,12.0,11.1,41.699999999999996,2.0,0.0,0.0,1.0,1.0,0.0,1.0,1.0,5.0,8.0,25.0,57.0
2015092000,16,KC,DEN,24,31,0,1,28.0,22.0,147.0,61.0,5.2,2.8,16.0,26.0,25.0,45.0,64.0,57.8,6.7,5.3,167.0,238.0,314.0,299.0,5.0,3.0,-24.0,-18.0,0.0,6.0,7.0,16.0,0.0,37.5,0.0,1.0,3.0,0.0,2.0,1.0,5.0,1.0,9.0,8.0,60.0,85.0
2015092001,17,HOU,CAR,17,24,0,1,23.0,33.0,61.0,172.0,2.7,5.2,27.0,18.0,58.0,37.0,46.6,48.6,4.1,4.8,239.0,178.0,300.0,350.0,1.0,2.0,-5.0,-17.0,5.0,4.0,19.0,13.0,26.3,30.8,2.0,0.0,0.0,0.0,1.0,1.0,1.0,1.0,10.0,10.0,70.0,92.0
2015092002,18,NE,BUF,40,32,1,0,15.0,27.0,56.0,160.0,3.7,5.9,38.0,23.0,59.0,30.0,64.4,76.7,7.6,6.3,451.0,189.0,507.0,349.0,2.0,8.0,-15.0,-53.0,3.0,4.0,10.0,13.0,30.0,30.8,2.0,0.0,2.0,0.0,0.0,3.0,2.0,3.0,11.0,14.0,119.0,140.0
2015092003,19,SD,CIN,19,24,0,1,25.0,36.0,131.0,175.0,5.2,4.9,21.0,16.0,27.0,26.0,77.8,61.5,8.3,8.2,223.0,214.0,354.0,389.0,4.0,0.0,-18.0,0.0,4.0,4.0,11.0,10.0,36.4,40.0,0.0,0.0,2.0,2.0,1.0,0.0,3.0,2.0,8.0,9.0,64.0,75.0
2015092004,20,CLE,TEN,28,14,1,0,30.0,30.0,116.0,166.0,3.9,5.5,8.0,21.0,15.0,37.0,53.300000000000004,56.8,10.5,5.9,158.0,219.0,274.0,385.0,2.0,7.0,-14.0,-38.0,4.0,7.0,11.0,16.0,36.4,43.8,1.0,0.0,0.0,3.0,0.0,0.0,0.0,3.0,4.0,9.0,40.0,85.0
2015092005,21,NYG,ATL,20,24,0,1,23.0,22.0,97.0,56.0,4.2,2.5,27.0,30.0,40.0,46.0,67.5,65.2,7.3,7.5,291.0,346.0,388.0,402.0,2.0,2.0,-1.0,-17.0,9.0,11.0,17.0,17.0,52.900000000000006,64.7,1.0,0.0,1.0,0.0,0.0,0.0,1.0,0.0,6.0,6.0,35.0,65.0
2015092006,22,WAS,STL,24,10,1,0,37.0,13.0,182.0,67.0,4.9,5.2,23.0,17.0,27.0,32.0,85.2,53.1,7.1,4.6,191.0,146.0,373.0,213.0,2.0,1.0,-12.0,-4.0,8.0,2.0,16.0,12.0,50.0,16.7,0.0,1.0,1.0,0.0,0.0,0.0,1.0,0.0,7.0,9.0,53.0,80.0
2015092007,23,CHI,ARI,23,48,0,1,28.0,28.0,109.0,115.0,3.9,4.1,22.0,17.0,32.0,24.0,68.8,70.8,7.1,7.7,226.0,185.0,335.0,300.0,2.0,0.0,-15.0,0.0,2.0,5.0,12.0,9.0,16.7,55.60000000000001,1.0,0.0,0.0,1.0,2.0,1.0,2.0,2.0,14.0,8.0,170.0,58.0
2015092008,24,DET,MIN,16,26,0,1,16.0,42.0,38.0,198.0,2.4,4.7,32.0,13.0,53.0,17.0,60.4,76.5,5.4,7.6,285.0,129.0,323.0,327.0,1.0,1.0,-1.0,-2.0,6.0,6.0,13.0,13.0,46.2,46.2,0.0,0.0,2.0,1.0,1.0,0.0,3.0,1.0,6.0,10.0,39.0,97.0
2015092009,25,TB,NO,26,19,1,0,35.0,27.0,139.0,104.0,4.0,3.9,14.0,24.0,21.0,38.0,66.7,63.2,9.2,5.8,194.0,219.0,333.0,323.0,3.0,4.0,-13.0,-36.0,5.0,7.0,14.0,14.0,35.699999999999996,50.0,0.0,0.0,2.0,2.0,0.0,1.0,2.0,3.0,11.0,10.0,90.0,115.0
2015092010,26,SF,PIT,18,43,0,1,31.0,25.0,111.0,84.0,3.6,3.4,33.0,21.0,46.0,27.0,71.7,77.8,6.5,13.7,298.0,369.0,409.0,453.0,5.0,0.0,-37.0,0.0,7.0,6.0,17.0,10.0,41.199999999999996,60.0,2.0,0.0,1.0,0.0,0.0,0.0,1.0,0.0,7.0,7.0,46.0,58.0
2015092011,27,BAL,OAK,33,37,0,1,25.0,19.0,109.0,97.0,4.4,5.1,32.0,30.0,45.0,46.0,71.1,65.2,8.5,7.6,384.0,351.0,493.0,448.0,0.0,1.0,0.0,0.0,4.0,9.0,11.0,14.0,36.4,64.3,0.0,0.0,1.0,0.0,1.0,1.0,2.0,1.0,10.0,16.0,109.0,106.0
2015092012,28,MIA,JAC,20,23,0,1,16.0,33.0,42.0,123.0,2.6,3.7,30.0,18.0,44.0,33.0,68.2,54.50000000000001,7.8,8.3,344.0,273.0,386.0,396.0,2.0,0.0,-15.0,0.0,5.0,5.0,15.0,14.0,33.300000000000004,35.699999999999996,1.0,0.0,0.0,0.0,0.0,0.0,0.0,0.0,13.0,9.0,112.0,93.0
2015092013,29,PHI,DAL,10,20,0,1,17.0,33.0,7.0,109.0,0.4,3.3,23.0,25.0,37.0,34.0,62.2,73.5,5.9,7.4,219.0,250.0,226.0,359.0,1.0,3.0,-5.0,-18.0,2.0,4.0,11.0,12.0,18.2,33.300000000000004,1.0,0.0,1.0,2.0,2.0,0.0,3.0,2.0,8.0,18.0,60.0,142.0
2015092100,30,SEA,GB,17,27,0,1,25.0,29.0,119.0,127.0,4.8,4.4,19.0,25.0,30.0,33.0,63.3,75.8,6.8,7.1,205.0,234.0,324.0,361.0,2.0,2.0,-1.0,-15.0,3.0,4.0,9.0,11.0,33.300000000000004,36.4,0.0,0.0,1.0,1.0,1.0,0.0,2.0,1.0,6.0,6.0,92.0,35.0
2015092400,31,IND,NYJ,7,20,0,1,23.0,27.0,93.0,101.0,4.0,3.7,21.0,22.0,37.0,34.0,56.8,64.7,6.8,7.1,250.0,243.0,343.0,344.0,0.0,1.0,0.0,-1.0,6.0,4.0,14.0,12.0,42.9,33.300000000000004,0.0,0.0,2.0,0.0,3.0,1.0,5.0,1.0,11.0,8.0,84.0,90.0
2015092700,32,NYG,WAS,32,21,1,0,31.0,20.0,84.0,88.0,2.7,4.4,23.0,30.0,32.0,49.0,71.89999999999999,61.199999999999996,8.7,6.2,279.0,305.0,363.0,393.0,0.0,1.0,0.0,-11.0,4.0,6.0,12.0,15.0,33.300000000000004,40.0,0.0,1.0,0.0,1.0,0.0,2.0,0.0,3.0,8.0,7.0,67.0,58.0
2015092701,33,ATL,DAL,39,28,1,0,32.0,21.0,158.0,127.0,4.9,6.0,24.0,22.0,36.0,26.0,66.7,84.6,7.8,8.5,280.0,220.0,438.0,347.0,1.0,2.0,-5.0,-12.0,9.0,1.0,14.0,6.0,64.3,16.7,0.0,1.0,0.0,0.0,0.0,1.0,0.0,1.0,6.0,5.0,70.0,31.0
2015092702,34,CAR,NO,27,22,1,0,30.0,24.0,119.0,70.0,4.0,2.9,20.0,31.0,31.0,38.0,64.5,81.6,10.1,8.2,312.0,310.0,431.0,380.0,1.0,1.0,-3.0,0.0,5.0,7.0,11.0,12.0,45.5,58.3,0.0,0.0,0.0,1.0,0.0,1.0,0.0,2.0,10.0,8.0,88.0,55.0
2015092703,35,PHI,NYJ,24,17,1,0,38.0,16.0,123.0,47.0,3.2,2.9,14.0,35.0,28.0,58.0,50.0,60.3,3.9,4.8,108.0,276.0,231.0,323.0,1.0,1.0,-10.0,-7.0,4.0,7.0,14.0,17.0,28.599999999999998,41.199999999999996,0.0,0.0,1.0,1.0,0.0,3.0,1.0,4.0,5.0,6.0,21.0,53.0
2015092704,36,TB,HOU,9,19,0,1,20.0,45.0,57.0,178.0,2.8,4.0,17.0,24.0,36.0,39.0,47.199999999999996,61.5,7.2,5.8,261.0,228.0,318.0,406.0,0.0,1.0,0.0,-1.0,1.0,8.0,12.0,18.0,8.3,44.4,0.0,0.0,0.0,0.0,1.0,1.0,1.0,1.0,10.0,6.0,84.0,58.0
2015092705,37,SD,MIN,14,31,0,1,28.0,31.0,90.0,163.0,3.2,5.3,26.0,13.0,40.0,24.0,65.0,54.2,7.0,5.0,279.0,121.0,369.0,284.0,4.0,0.0,-30.0,0.0,8.0,3.0,17.0,9.0,47.099999999999994,33.300000000000004,1.0,0.0,1.0,0.0,1.0,1.0,2.0,1.0,7.0,3.0,74.0,39.0
2015092706,38,STL,PIT,6,12,0,1,18.0,22.0,71.0,62.0,3.9,2.8,19.0,25.0,29.0,30.0,65.5,83.3,6.4,6.6,187.0,197.0,258.0,259.0,2.0,5.0,-10.0,-33.0,2.0,6.0,10.0,12.0,20.0,50.0,2.0,0.0,0.0,0.0,1.0,1.0,1.0,1.0,7.0,4.0,47.0,63.0
2015092707,39,NE,JAC,51,17,1,0,32.0,20.0,125.0,57.0,3.9,2.8,33.0,17.0,42.0,33.0,78.60000000000001,51.5,8.2,7.2,346.0,236.0,471.0,293.0,2.0,2.0,-12.0,-6.0,11.0,5.0,14.0,12.0,78.60000000000001,41.699999999999996,0.0,1.0,0.0,0.0,0.0,1.0,0.0,1.0,4.0,7.0,30.0,114.0
2015092708,40,CIN,BAL,28,24,1,0,31.0,18.0,86.0,35.0,2.8,1.9,20.0,32.0,32.0,49.0,62.5,65.3,11.6,7.4,372.0,362.0,458.0,397.0,2.0,0.0,-11.0,0.0,8.0,7.0,15.0,16.0,53.300000000000004,43.8,1.0,2.0,1.0,0.0,1.0,1.0,2.0,1.0,9.0,13.0,67.0,116.0
2015092709,41,CLE,OAK,20,27,0,1,14.0,30.0,39.0,155.0,2.8,5.2,28.0,20.0,49.0,32.0,57.099999999999994,62.5,6.4,9.8,316.0,314.0,355.0,469.0,5.0,0.0,-25.0,0.0,8.0,6.0,16.0,14.0,50.0,42.9,0.0,0.0,1.0,1.0,1.0,0.0,2.0,1.0,6.0,12.0,50.0,85.0
2015092710,42,IND,TEN,35,33,1,0,23.0,27.0,133.0,88.0,5.8,3.3,18.0,27.0,30.0,44.0,60.0,61.4,8.2,7.8,245.0,345.0,378.0,433.0,3.0,3.0,-15.0,-22.0,4.0,4.0,11.0,13.0,36.4,30.8,0.0,0.0,0.0,0.0,2.0,2.0,2.0,2.0,11.0,6.0,71.0,55.0
2015092711,43,SF,ARI,7,47,0,1,29.0,37.0,103.0,139.0,3.6,3.8,9.0,20.0,19.0,32.0,47.4,62.5,2.8,9.6,53.0,307.0,156.0,446.0,2.0,1.0,-14.0,-4.0,4.0,6.0,12.0,13.0,33.300000000000004,46.2,0.0,0.0,0.0,0.0,4.0,1.0,4.0,1.0,6.0,4.0,45.0,24.0
2015092712,44,SEA,CHI,26,0,1,0,29.0,27.0,159.0,98.0,5.5,3.6,20.0,9.0,30.0,17.0,66.7,52.900000000000006,7.1,2.8,212.0,48.0,371.0,146.0,4.0,2.0,-23.0,-15.0,5.0,3.0,16.0,13.0,31.2,23.1,0.0,0.0,0.0,0.0,0.0,0.0,0.0,0.0,5.0,6.0,41.0,40.0
2015092713,45,BUF,MIA,41,14,1,0,34.0,20.0,151.0,102.0,4.4,5.1,21.0,26.0,29.0,49.0,72.39999999999999,53.1,9.6,5.9,277.0,289.0,428.0,391.0,0.0,2.0,0.0,-8.0,7.0,4.0,13.0,13.0,53.800000000000004,30.8,0.0,2.0,0.0,0.0,0.0,3.0,0.0,3.0,5.0,6.0,40.0,36.0
2015092800,46,DEN,DET,24,12,1,0,19.0,19.0,41.0,28.0,2.2,1.5,31.0,31.0,42.0,45.0,73.8,68.89999999999999,7.5,5.8,313.0,262.0,354.0,290.0,1.0,4.0,-11.0,-20.0,4.0,4.0,12.0,12.0,33.300000000000004,33.300000000000004,0.0,1.0,1.0,1.0,1.0,2.0,2.0,3.0,9.0,9.0,94.0,75.0
2015100100,47,KC,GB,28,38,0,1,18.0,32.0,75.0,123.0,4.2,3.8,24.0,24.0,40.0,35.0,60.0,68.60000000000001,6.3,9.4,251.0,329.0,326.0,452.0,7.0,1.0,-39.0,-8.0,2.0,4.0,10.0,11.0,20.0,36.4,0.0,1.0,0.0,0.0,1.0,0.0,1.0,0.0,7.0,12.0,38.0,89.0
2015100400,48,BAL,PIT,23,20,1,0,39.0,32.0,191.0,168.0,4.9,5.2,21.0,19.0,34.0,26.0,61.8,73.1,4.9,3.7,165.0,96.0,356.0,264.0,5.0,4.0,-21.0,-28.0,6.0,2.0,17.0,13.0,35.3,15.4,3.0,2.0,1.0,0.0,1.0,0.0,2.0,0.0,4.0,4.0,30.0,20.0
2015100401,49,NYJ,MIA,27,14,1,0,43.0,11.0,207.0,59.0,4.8,5.4,16.0,19.0,29.0,44.0,55.2,43.2,7.5,3.8,218.0,167.0,425.0,226.0,0.0,3.0,0.0,-31.0,6.0,0.0,16.0,12.0,37.5,0.0,0.0,2.0,0.0,0.0,1.0,2.0,1.0,2.0,14.0,9.0,163.0,80.0
2015100402,50,OAK,CHI,20,22,0,1,22.0,28.0,70.0,90.0,3.2,3.2,20.0,27.0,33.0,42.0,60.6,64.3,5.2,6.6,173.0,276.0,243.0,366.0,2.0,3.0,-23.0,-8.0,6.0,10.0,13.0,17.0,46.2,58.8,0.0,0.0,1.0,2.0,1.0,1.0,2.0,3.0,5.0,7.0,47.0,48.0
2015100403,51,HOU,ATL,21,48,0,1,16.0,35.0,61.0,135.0,3.8,3.9,29.0,19.0,57.0,27.0,50.9,70.39999999999999,6.6,9.0,374.0,243.0,435.0,378.0,1.0,2.0,-8.0,-13.0,7.0,9.0,15.0,16.0,46.7,56.2,1.0,0.0,3.0,0.0,1.0,0.0,4.0,0.0,5.0,10.0,35.0,80.0
2015100404,52,KC,CIN,21,36,0,1,23.0,26.0,113.0,124.0,4.9,4.8,31.0,17.0,45.0,24.0,68.89999999999999,70.8,7.7,13.4,348.0,321.0,461.0,445.0,5.0,0.0,-38.0,0.0,7.0,6.0,16.0,10.0,43.8,60.0,0.0,0.0,1.0,0.0,0.0,0.0,1.0,0.0,7.0,11.0,46.0,84.0
2015100405,53,JAC,IND,13,16,0,1,28.0,24.0,142.0,60.0,5.1,2.5,28.0,30.0,50.0,47.0,56.00000000000001,63.800000000000004,5.8,5.7,289.0,266.0,431.0,326.0,1.0,3.0,-9.0,-16.0,7.0,7.0,18.0,15.0,38.9,46.7,0.0,0.0,0.0,2.0,0.0,0.0,0.0,2.0,13.0,4.0,92.0,45.0
2015100406,54,PHI,WAS,20,23,0,1,18.0,32.0,87.0,127.0,4.8,4.0,15.0,31.0,28.0,46.0,53.6,67.4,8.2,6.4,229.0,295.0,316.0,422.0,5.0,1.0,-37.0,0.0,4.0,10.0,12.0,18.0,33.300000000000004,55.60000000000001,0.0,0.0,2.0,1.0,0.0,0.0,2.0,1.0,8.0,10.0,72.0,110.0
2015100407,55,CAR,TB,37,23,1,0,33.0,30.0,133.0,141.0,4.0,4.7,11.0,26.0,22.0,43.0,50.0,60.5,5.0,6.3,111.0,270.0,244.0,411.0,2.0,2.0,-13.0,-17.0,3.0,8.0,11.0,16.0,27.3,50.0,0.0,0.0,1.0,1.0,0.0,4.0,1.0,5.0,5.0,5.0,45.0,48.0
2015100408,56,NYG,BUF,24,10,1,0,28.0,24.0,92.0,55.0,3.3,2.3,20.0,28.0,35.0,42.0,57.099999999999994,66.7,6.0,6.1,211.0,258.0,303.0,313.0,1.0,2.0,-1.0,-16.0,3.0,3.0,15.0,16.0,20.0,18.8,0.0,2.0,0.0,1.0,1.0,1.0,1.0,2.0,11.0,17.0,85.0,135.0
2015100409,57,SD,CLE,30,27,1,0,21.0,21.0,91.0,100.0,4.3,4.8,23.0,32.0,38.0,41.0,60.5,78.0,9.1,8.1,347.0,332.0,438.0,432.0,2.0,4.0,-11.0,-24.0,3.0,4.0,11.0,13.0,27.3,30.8,0.0,0.0,0.0,1.0,0.0,0.0,0.0,1.0,6.0,12.0,31.0,91.0
2015100410,58,SF,GB,3,17,0,1,19.0,33.0,70.0,162.0,3.7,4.9,13.0,22.0,25.0,32.0,52.0,68.8,4.8,6.2,119.0,200.0,189.0,362.0,6.0,3.0,-41.0,-24.0,4.0,5.0,13.0,15.0,30.8,33.300000000000004,1.0,0.0,0.0,0.0,1.0,0.0,1.0,0.0,4.0,8.0,30.0,65.0
2015100411,59,STL,ARI,24,22,1,0,26.0,21.0,164.0,113.0,6.3,5.4,16.0,29.0,24.0,46.0,66.7,63.0,6.8,7.3,164.0,334.0,328.0,447.0,1.0,4.0,-7.0,-18.0,5.0,2.0,13.0,11.0,38.5,18.2,0.0,1.0,0.0,2.0,0.0,1.0,0.0,3.0,7.0,3.0,66.0,20.0
2015100412,60,DEN,MIN,23,20,1,0,24.0,21.0,144.0,113.0,6.0,5.4,17.0,27.0,27.0,41.0,63.0,65.9,7.4,5.2,200.0,212.0,344.0,325.0,2.0,7.0,-13.0,-57.0,2.0,6.0,9.0,16.0,22.2,37.5,0.0,0.0,0.0,1.0,2.0,0.0,2.0,1.0,8.0,9.0,40.0,63.0
2015100500,61,DAL,NO,20,26,0,1,28.0,25.0,115.0,103.0,4.1,4.1,16.0,33.0,26.0,41.0,61.5,80.5,8.5,8.2,220.0,335.0,335.0,438.0,3.0,3.0,-26.0,-24.0,3.0,6.0,12.0,13.0,25.0,46.2,0.0,0.0,0.0,0.0,0.0,0.0,0.0,0.0,6.0,8.0,30.0,64.0
2015100800,62,SEA,DET,13,10,1,0,31.0,18.0,110.0,53.0,3.5,2.9,20.0,24.0,26.0,35.0,76.9,68.60000000000001,9.0,5.8,235.0,203.0,345.0,256.0,6.0,0.0,-52.0,0.0,6.0,3.0,13.0,13.0,46.2,23.1,0.0,0.0,3.0,1.0,0.0,0.0,3.0,1.0,4.0,4.0,25.0,37.0
2015101100,63,IND,HOU,27,20,1,0,30.0,28.0,110.0,82.0,3.7,2.9,18.0,31.0,29.0,41.0,62.1,75.6,7.3,8.8,213.0,362.0,323.0,444.0,0.0,1.0,0.0,0.0,3.0,8.0,11.0,16.0,27.3,50.0,0.0,0.0,0.0,0.0,0.0,2.0,0.0,2.0,7.0,13.0,65.0,125.0
2015101101,64,NO,PHI,17,39,0,1,21.0,34.0,96.0,186.0,4.6,5.5,26.0,32.0,43.0,45.0,60.5,71.1,6.8,7.4,292.0,333.0,388.0,519.0,5.0,0.0,-43.0,0.0,8.0,4.0,16.0,11.0,50.0,36.4,0.0,2.0,3.0,0.0,1.0,2.0,4.0,2.0,7.0,4.0,78.0,35.0
2015101102,65,KC,CHI,17,18,0,1,25.0,25.0,117.0,84.0,4.7,3.4,16.0,26.0,30.0,45.0,53.300000000000004,57.8,5.7,5.0,170.0,227.0,287.0,311.0,3.0,2.0,-11.0,-13.0,5.0,6.0,14.0,14.0,35.699999999999996,42.9,0.0,1.0,0.0,1.0,0.0,0.0,0.0,1.0,3.0,6.0,49.0,49.0
2015101103,66,SEA,CIN,24,27,0,1,30.0,31.0,200.0,108.0,6.7,3.5,15.0,30.0,23.0,44.0,65.2,68.2,8.6,7.0,197.0,310.0,397.0,418.0,4.0,4.0,-16.0,-21.0,5.0,6.0,13.0,15.0,38.5,40.0,0.0,0.0,0.0,1.0,1.0,1.0,1.0,2.0,10.0,7.0,112.0,50.0
2015101104,67,ATL,WAS,25,19,1,0,32.0,24.0,176.0,51.0,5.5,2.1,24.0,21.0,42.0,32.0,57.099999999999994,65.60000000000001,5.8,6.8,242.0,219.0,418.0,270.0,3.0,1.0,-12.0,0.0,6.0,4.0,15.0,12.0,40.0,33.300000000000004,0.0,0.0,1.0,0.0,2.0,2.0,3.0,2.0,4.0,5.0,62.0,51.0
2015101105,68,JAC,TB,31,38,0,1,17.0,40.0,55.0,183.0,3.2,4.6,23.0,13.0,33.0,19.0,69.69999999999999,68.4,8.2,9.8,270.0,186.0,325.0,369.0,6.0,2.0,-33.0,-23.0,2.0,5.0,8.0,11.0,25.0,45.5,0.0,0.0,1.0,0.0,1.0,0.0,2.0,0.0,3.0,10.0,12.0,72.0
2015101106,69,CLE,BAL,33,30,1,0,25.0,32.0,83.0,187.0,3.3,5.8,36.0,18.0,51.0,34.0,70.6,52.900000000000006,8.3,5.6,422.0,190.0,505.0,377.0,4.0,1.0,-35.0,-14.0,12.0,5.0,19.0,14.0,63.2,35.699999999999996,0.0,0.0,0.0,0.0,0.0,0.0,0.0,0.0,9.0,12.0,74.0,98.0
2015101107,70,BUF,TEN,14,13,1,0,28.0,28.0,127.0,97.0,4.5,3.5,11.0,21.0,18.0,32.0,61.1,65.60000000000001,4.6,5.6,82.0,179.0,209.0,276.0,4.0,2.0,-31.0,-8.0,4.0,5.0,12.0,13.0,33.300000000000004,38.5,0.0,0.0,1.0,0.0,0.0,1.0,1.0,1.0,7.0,9.0,62.0,74.0
2015101108,71,GB,STL,24,10,1,0,27.0,36.0,86.0,191.0,3.2,5.3,19.0,12.0,30.0,31.0,63.3,38.7,7.9,4.6,236.0,143.0,322.0,334.0,2.0,3.0,-5.0,-18.0,4.0,5.0,13.0,18.0,30.8,27.800000000000004,1.0,0.0,1.0,0.0,2.0,4.0,3.0,4.0,7.0,8.0,67.0,40.0
2015101109,72,ARI,DET,42,17,1,0,25.0,18.0,187.0,56.0,7.5,3.1,12.0,41.0,18.0,70.0,66.7,58.599999999999994,8.8,5.4,158.0,379.0,345.0,435.0,2.0,1.0,-13.0,0.0,1.0,8.0,8.0,17.0,12.5,47.099999999999994,0.0,0.0,0.0,2.0,0.0,4.0,0.0,6.0,9.0,9.0,70.0,85.0
2015101110,73,NE,DAL,30,6,1,0,23.0,24.0,109.0,102.0,4.7,4.2,20.0,26.0,27.0,39.0,74.1,66.7,9.1,4.2,247.0,163.0,356.0,265.0,5.0,3.0,-28.0,-24.0,3.0,4.0,10.0,14.0,30.0,28.599999999999998,1.0,1.0,0.0,1.0,0.0,2.0,0.0,3.0,9.0,7.0,64.0,50.0
2015101111,74,DEN,OAK,16,10,1,0,18.0,25.0,43.0,65.0,2.4,2.6,22.0,26.0,35.0,39.0,62.9,66.7,7.3,5.7,254.0,223.0,297.0,288.0,2.0,4.0,-12.0,-26.0,2.0,7.0,13.0,16.0,15.4,43.8,0.0,1.0,0.0,2.0,2.0,1.0,2.0,3.0,6.0,6.0,103.0,41.0
2015101200,75,NYG,SF,30,27,1,0,20.0,27.0,81.0,117.0,4.0,4.3,41.0,23.0,54.0,35.0,75.9,65.7,8.2,7.3,441.0,256.0,522.0,373.0,0.0,2.0,0.0,-6.0,9.0,8.0,14.0,14.0,64.3,57.099999999999994,0.0,0.0,0.0,0.0,1.0,0.0,1.0,0.0,6.0,4.0,65.0,28.0
2015101500,76,SD,PIT,20,24,0,1,19.0,25.0,52.0,158.0,2.7,6.3,35.0,13.0,48.0,26.0,72.89999999999999,50.0,7.4,7.5,354.0,194.0,406.0,352.0,2.0,3.0,-11.0,-9.0,4.0,5.0,14.0,14.0,28.599999999999998,35.699999999999996,0.0,0.0,1.0,0.0,1.0,1.0,2.0,1.0,7.0,8.0,54.0,86.0
2015101800,77,ATL,NO,21,31,0,1,21.0,32.0,150.0,81.0,7.1,2.5,30.0,30.0,44.0,39.0,68.2,76.9,6.2,7.8,272.0,304.0,422.0,385.0,4.0,1.0,-23.0,-8.0,3.0,8.0,11.0,16.0,27.3,50.0,2.0,0.0,3.0,0.0,0.0,0.0,3.0,0.0,7.0,3.0,41.0,15.0
2015101801,78,CHI,DET,34,37,0,1,31.0,32.0,91.0,155.0,2.9,4.8,26.0,27.0,41.0,42.0,63.4,64.3,8.6,9.3,353.0,391.0,444.0,546.0,1.0,2.0,0.0,-14.0,6.0,9.0,14.0,17.0,42.9,52.900000000000006,0.0,0.0,0.0,2.0,1.0,1.0,1.0,3.0,9.0,10.0,76.0,98.0
2015101802,79,NYJ,WAS,34,20,1,0,41.0,17.0,221.0,34.0,5.4,2.0,19.0,25.0,26.0,44.0,73.1,56.8,9.7,4.3,253.0,191.0,474.0,225.0,0.0,1.0,0.0,-5.0,7.0,5.0,14.0,15.0,50.0,33.300000000000004,1.0,1.0,2.0,0.0,1.0,2.0,3.0,2.0,1.0,3.0,5.0,15.0
2015101803,80,PIT,ARI,25,13,1,0,32.0,20.0,141.0,55.0,4.4,2.8,11.0,29.0,20.0,45.0,55.00000000000001,64.4,8.4,9.2,169.0,414.0,310.0,469.0,1.0,1.0,-5.0,-7.0,3.0,5.0,12.0,12.0,25.0,41.699999999999996,0.0,1.0,0.0,1.0,0.0,2.0,0.0,3.0,6.0,9.0,48.0,111.0
2015101804,81,KC,MIN,10,16,0,1,18.0,35.0,57.0,84.0,3.2,2.4,22.0,17.0,37.0,31.0,59.5,54.800000000000004,7.3,7.6,271.0,237.0,328.0,321.0,2.0,2.0,-11.0,-12.0,3.0,6.0,12.0,17.0,25.0,35.3,2.0,0.0,1.0,0.0,0.0,2.0,1.0,2.0,8.0,5.0,95.0,50.0
2015101805,82,CIN,BUF,34,21,1,0,28.0,23.0,112.0,112.0,4.0,4.9,22.0,28.0,33.0,42.0,66.7,66.7,7.4,6.1,243.0,256.0,355.0,368.0,0.0,2.0,0.0,-7.0,7.0,5.0,12.0,13.0,58.3,38.5,0.0,1.0,0.0,0.0,0.0,1.0,0.0,1.0,3.0,8.0,20.0,93.0
2015101806,83,CLE,DEN,23,26,0,1,33.0,33.0,109.0,152.0,3.3,4.6,20.0,26.0,39.0,48.0,51.300000000000004,54.2,4.8,6.0,189.0,290.0,298.0,442.0,4.0,0.0,-24.0,0.0,6.0,4.0,15.0,18.0,40.0,22.2,1.0,0.0,1.0,0.0,2.0,3.0,3.0,3.0,6.0,7.0,30.0,80.0
2015101807,84,TEN,MIA,10,38,0,1,18.0,32.0,63.0,180.0,3.5,5.6,26.0,21.0,41.0,28.0,63.4,75.0,5.8,8.8,236.0,247.0,299.0,427.0,6.0,2.0,-46.0,-12.0,2.0,5.0,10.0,9.0,20.0,55.60000000000001,1.0,0.0,2.0,0.0,2.0,2.0,4.0,2.0,7.0,9.0,50.0,97.0
2015101808,85,JAC,HOU,20,31,0,1,21.0,31.0,83.0,94.0,4.0,3.0,30.0,24.0,53.0,36.0,56.599999999999994,66.7,5.9,8.0,311.0,287.0,394.0,381.0,3.0,1.0,-20.0,-6.0,5.0,7.0,15.0,14.0,33.300000000000004,50.0,0.0,1.0,0.0,0.0,3.0,0.0,3.0,0.0,7.0,10.0,64.0,69.0
2015101809,86,CAR,SEA,27,23,1,0,33.0,26.0,135.0,115.0,4.1,4.4,20.0,18.0,36.0,30.0,55.60000000000001,60.0,6.9,7.3,248.0,219.0,383.0,334.0,3.0,4.0,-21.0,-22.0,4.0,4.0,11.0,14.0,36.4,28.599999999999998,1.0,0.0,0.0,0.0,2.0,0.0,2.0,0.0,5.0,7.0,25.0,48.0
2015101810,87,GB,SD,27,20,1,0,17.0,21.0,133.0,60.0,7.8,2.9,16.0,43.0,29.0,65.0,55.2,66.2,8.2,7.5,237.0,488.0,370.0,548.0,3.0,3.0,-18.0,-15.0,3.0,9.0,9.0,18.0,33.300000000000004,50.0,0.0,2.0,0.0,1.0,0.0,0.0,0.0,1.0,6.0,9.0,50.0,76.0
2015101811,88,BAL,SF,20,25,0,1,22.0,25.0,77.0,65.0,3.5,2.6,33.0,16.0,53.0,27.0,62.3,59.3,6.5,12.1,343.0,326.0,420.0,391.0,0.0,3.0,0.0,-14.0,4.0,5.0,13.0,13.0,30.8,38.5,0.0,0.0,0.0,0.0,2.0,0.0,2.0,0.0,3.0,4.0,15.0,25.0
2015101900,89,NE,IND,34,27,1,0,25.0,22.0,116.0,120.0,4.6,5.5,23.0,30.0,37.0,50.0,62.2,60.0,8.1,5.8,301.0,289.0,417.0,409.0,2.0,3.0,-11.0,-23.0,5.0,7.0,12.0,16.0,41.699999999999996,43.8,0.0,2.0,0.0,0.0,1.0,0.0,1.0,0.0,8.0,11.0,72.0,103.0
2015102200,90,PHI,NYG,27,7,1,0,37.0,23.0,158.0,81.0,4.3,3.5,24.0,24.0,38.0,38.0,63.2,63.2,7.1,4.4,270.0,166.0,428.0,247.0,1.0,3.0,-10.0,-23.0,6.0,4.0,16.0,13.0,37.5,30.8,0.0,1.0,1.0,1.0,3.0,2.0,4.0,3.0,9.0,12.0,72.0,94.0
2015102500,91,SEA,SF,20,3,1,0,41.0,15.0,176.0,61.0,4.3,4.1,18.0,13.0,24.0,24.0,75.0,54.2,8.8,3.4,212.0,81.0,388.0,142.0,5.0,6.0,-23.0,-43.0,5.0,1.0,13.0,11.0,38.5,9.1,0.0,0.0,0.0,0.0,2.0,0.0,2.0,0.0,6.0,4.0,50.0,33.0
2015102501,92,JAC,BUF,34,31,1,0,32.0,28.0,120.0,116.0,3.8,4.1,13.0,24.0,29.0,42.0,44.800000000000004,57.099999999999994,6.0,6.2,175.0,260.0,295.0,376.0,2.0,4.0,-7.0,-38.0,5.0,3.0,14.0,12.0,35.699999999999996,25.0,1.0,1.0,0.0,2.0,1.0,2.0,1.0,4.0,10.0,10.0,66.0,87.0
2015102502,93,CLE,STL,6,24,0,1,24.0,26.0,82.0,158.0,3.4,6.1,30.0,15.0,37.0,23.0,81.10000000000001,65.2,7.5,6.5,279.0,150.0,361.0,308.0,4.0,2.0,-15.0,-13.0,3.0,2.0,12.0,10.0,25.0,20.0,1.0,0.0,4.0,1.0,0.0,0.0,4.0,1.0,11.0,9.0,98.0,75.0
2015102503,94,MIA,HOU,44,26,1,0,35.0,25.0,248.0,71.0,7.1,2.8,19.0,23.0,20.0,49.0,95.0,46.9,12.8,5.1,255.0,251.0,503.0,322.0,4.0,4.0,-41.0,-22.0,1.0,6.0,9.0,15.0,11.1,40.0,0.0,1.0,1.0,0.0,0.0,1.0,1.0,1.0,8.0,3.0,52.0,25.0
2015102504,95,NE,NYJ,30,23,1,0,9.0,29.0,14.0,89.0,1.6,3.1,34.0,22.0,54.0,39.0,63.0,56.39999999999999,6.2,7.3,337.0,283.0,351.0,372.0,3.0,2.0,-18.0,-12.0,8.0,8.0,16.0,14.0,50.0,57.099999999999994,0.0,0.0,0.0,1.0,0.0,0.0,0.0,1.0,4.0,4.0,38.0,29.0
2015102505,96,KC,PIT,23,13,1,0,29.0,24.0,138.0,147.0,4.8,6.1,21.0,16.0,32.0,29.0,65.60000000000001,55.2,7.5,6.6,239.0,192.0,377.0,339.0,2.0,2.0,-12.0,-17.0,9.0,2.0,16.0,10.0,56.2,20.0,0.0,1.0,0.0,1.0,0.0,2.0,0.0,3.0,6.0,1.0,66.0,5.0
2015102506,97,TB,WAS,30,31,0,1,30.0,19.0,190.0,50.0,6.3,2.6,21.0,33.0,29.0,40.0,72.39999999999999,82.5,10.0,7.6,289.0,305.0,479.0,355.0,1.0,1.0,-8.0,-12.0,7.0,5.0,12.0,11.0,58.3,45.5,0.0,0.0,1.0,1.0,0.0,0.0,1.0,1.0,16.0,4.0,142.0,20.0
2015102507,98,MIN,DET,28,19,1,0,35.0,17.0,140.0,77.0,4.0,4.5,25.0,18.0,35.0,26.0,71.39999999999999,69.19999999999999,8.1,7.6,285.0,197.0,425.0,274.0,4.0,7.0,-31.0,-59.0,5.0,1.0,13.0,10.0,38.5,10.0,1.0,2.0,1.0,0.0,0.0,0.0,1.0,0.0,3.0,5.0,31.0,30.0
2015102508,99,IND,NO,21,27,0,1,13.0,36.0,75.0,183.0,5.8,5.1,23.0,29.0,44.0,45.0,52.300000000000004,64.4,6.8,5.9,301.0,266.0,376.0,449.0,4.0,2.0,-32.0,-14.0,3.0,7.0,13.0,20.0,23.1,35.0,0.0,0.0,1.0,0.0,2.0,1.0,3.0,1.0,7.0,12.0,42.0,100.0
2015102509,100,ATL,TEN,10,7,1,0,31.0,16.0,127.0,77.0,4.1,4.8,22.0,22.0,38.0,35.0,57.9,62.9,6.6,5.1,251.0,179.0,378.0,256.0,0.0,1.0,0.0,-8.0,5.0,1.0,14.0,9.0,35.699999999999996,11.1,1.0,1.0,0.0,0.0,2.0,2.0,2.0,2.0,6.0,5.0,53.0,45.0
2015102510,101,OAK,SD,37,29,1,0,26.0,21.0,130.0,90.0,5.0,4.3,24.0,38.0,31.0,58.0,77.4,65.5,9.1,5.6,282.0,327.0,412.0,417.0,1.0,1.0,-7.0,-9.0,5.0,8.0,12.0,16.0,41.699999999999996,50.0,0.0,0.0,0.0,0.0,0.0,2.0,0.0,2.0,14.0,9.0,136.0,86.0
2015102511,102,DAL,NYG,20,27,0,1,41.0,25.0,233.0,132.0,5.7,5.3,17.0,13.0,27.0,24.0,63.0,54.2,8.4,6.5,227.0,157.0,460.0,289.0,1.0,2.0,0.0,-13.0,6.0,3.0,11.0,11.0,54.50000000000001,27.3,1.0,0.0,1.0,0.0,3.0,0.0,4.0,0.0,7.0,3.0,46.0,13.0
2015102600,103,CAR,PHI,27,16,1,0,33.0,30.0,204.0,177.0,6.2,5.9,14.0,26.0,24.0,46.0,58.3,56.49999999999999,7.9,3.7,190.0,172.0,394.0,349.0,1.0,5.0,-7.0,-33.0,2.0,7.0,9.0,18.0,22.2,38.9,0.0,1.0,0.0,0.0,3.0,1.0,3.0,1.0,5.0,7.0,43.0,46.0
2015102900,104,BAL,ARI,18,26,0,1,16.0,28.0,55.0,150.0,3.4,5.4,26.0,20.0,40.0,29.0,65.0,69.0,5.5,9.1,221.0,264.0,276.0,414.0,3.0,2.0,-31.0,-11.0,5.0,5.0,13.0,12.0,38.5,41.699999999999996,0.0,1.0,1.0,0.0,1.0,0.0,2.0,0.0,9.0,4.0,64.0,40.0
2015110100,105,MIA,NE,7,36,0,1,13.0,26.0,15.0,95.0,1.2,3.7,28.0,26.0,44.0,38.0,63.6,68.4,5.8,9.0,255.0,342.0,270.0,437.0,5.0,2.0,-45.0,-14.0,2.0,3.0,11.0,12.0,18.2,25.0,1.0,0.0,0.0,0.0,2.0,0.0,2.0,0.0,7.0,8.0,40.0,69.0
2015110101,106,KC,DET,45,10,1,0,31.0,14.0,174.0,81.0,5.6,5.8,20.0,23.0,28.0,38.0,71.39999999999999,60.5,4.8,5.1,134.0,195.0,308.0,276.0,3.0,6.0,-15.0,-32.0,8.0,2.0,13.0,12.0,61.5,16.7,0.0,1.0,0.0,0.0,0.0,2.0,0.0,2.0,3.0,8.0,20.0,81.0
2015110102,107,BAL,SD,29,26,1,0,25.0,26.0,72.0,81.0,2.9,3.1,25.0,28.0,37.0,37.0,67.60000000000001,75.7,7.9,7.8,293.0,290.0,365.0,371.0,3.0,1.0,-26.0,-11.0,5.0,7.0,12.0,13.0,41.699999999999996,53.800000000000004,0.0,0.0,0.0,0.0,0.0,0.0,0.0,0.0,5.0,6.0,46.0,66.0
2015110103,108,CIN,PIT,16,10,1,0,23.0,19.0,78.0,116.0,3.4,6.1,23.0,28.0,38.0,45.0,60.5,62.2,5.7,5.3,218.0,240.0,296.0,356.0,3.0,3.0,-13.0,-22.0,4.0,3.0,15.0,11.0,26.700000000000003,27.3,0.0,0.0,0.0,0.0,2.0,3.0,2.0,3.0,10.0,10.0,94.0,91.0
2015110104,109,TEN,HOU,6,20,0,1,20.0,23.0,86.0,56.0,4.3,2.4,22.0,23.0,31.0,35.0,71.0,65.7,4.0,6.1,125.0,214.0,211.0,270.0,7.0,3.0,-46.0,-21.0,1.0,4.0,12.0,15.0,8.3,26.700000000000003,1.0,1.0,2.0,0.0,1.0,0.0,3.0,0.0,6.0,7.0,45.0,85.0
2015110105,110,CHI,MIN,20,23,0,1,23.0,25.0,90.0,147.0,3.9,5.9,22.0,17.0,33.0,30.0,66.7,56.699999999999996,6.3,6.0,208.0,180.0,298.0,327.0,1.0,1.0,-3.0,-7.0,3.0,5.0,12.0,12.0,25.0,41.699999999999996,0.0,0.0,0.0,0.0,0.0,1.0,0.0,1.0,4.0,4.0,38.0,35.0
2015110106,111,TB,ATL,23,20,1,0,32.0,27.0,117.0,101.0,3.7,3.7,16.0,37.0,29.0,45.0,55.2,82.19999999999999,6.0,8.8,173.0,395.0,290.0,496.0,2.0,1.0,-4.0,-2.0,6.0,6.0,13.0,12.0,46.2,50.0,1.0,1.0,0.0,3.0,0.0,1.0,0.0,4.0,8.0,11.0,43.0,124.0
2015110107,112,NYG,NO,49,52,0,1,21.0,26.0,87.0,103.0,4.1,4.0,30.0,39.0,41.0,50.0,73.2,78.0,8.0,10.1,329.0,505.0,416.0,608.0,3.0,0.0,-21.0,0.0,1.0,7.0,8.0,11.0,12.5,63.6,0.0,0.0,1.0,0.0,0.0,2.0,1.0,2.0,5.0,12.0,48.0,93.0
2015110108,113,STL,SF,27,6,1,0,41.0,21.0,197.0,38.0,4.8,1.8,14.0,20.0,23.0,41.0,60.9,48.8,8.3,3.7,191.0,151.0,388.0,189.0,0.0,3.0,0.0,-11.0,1.0,3.0,12.0,17.0,8.3,17.599999999999998,0.0,1.0,1.0,0.0,0.0,0.0,1.0,0.0,12.0,13.0,93.0,93.0
2015110109,114,CLE,ARI,20,34,0,1,20.0,38.0,39.0,117.0,2.0,3.1,21.0,23.0,40.0,38.0,52.5,60.5,5.4,9.8,215.0,372.0,254.0,489.0,1.0,1.0,-8.0,-2.0,9.0,13.0,16.0,16.0,56.2,81.2,1.0,0.0,1.0,3.0,1.0,1.0,2.0,4.0,7.0,5.0,35.0,25.0
2015110110,115,OAK,NYJ,34,20,1,0,25.0,21.0,118.0,74.0,4.7,3.5,23.0,31.0,36.0,47.0,63.9,66.0,9.2,6.2,333.0,292.0,451.0,366.0,0.0,3.0,0.0,-19.0,4.0,7.0,10.0,16.0,40.0,43.8,0.0,2.0,0.0,0.0,0.0,1.0,0.0,1.0,6.0,6.0,61.0,40.0
2015110111,116,DAL,SEA,12,13,0,1,30.0,31.0,129.0,113.0,4.3,3.6,13.0,19.0,26.0,30.0,50.0,63.3,3.5,7.0,91.0,210.0,220.0,323.0,1.0,0.0,-6.0,0.0,4.0,5.0,14.0,12.0,28.599999999999998,41.699999999999996,1.0,0.0,0.0,0.0,0.0,1.0,0.0,1.0,5.0,5.0,40.0,40.0
2015110200,117,GB,DEN,10,29,0,1,21.0,34.0,90.0,160.0,4.3,4.7,14.0,21.0,22.0,29.0,63.6,72.39999999999999,2.3,11.7,50.0,340.0,140.0,500.0,3.0,0.0,-27.0,0.0,2.0,6.0,8.0,12.0,25.0,50.0,0.0,0.0,0.0,0.0,0.0,1.0,0.0,1.0,2.0,11.0,15.0,93.0
2015110500,118,CAR,IND,29,26,1,0,36.0,35.0,139.0,136.0,3.9,3.9,16.0,23.0,35.0,47.0,45.7,48.9,6.8,4.7,239.0,223.0,378.0,359.0,2.0,2.0,-9.0,-8.0,4.0,6.0,16.0,18.0,25.0,33.300000000000004,0.0,0.0,2.0,1.0,1.0,3.0,3.0,4.0,6.0,2.0,55.0,15.0
2015110800,119,CIN,CLE,31,10,1,0,37.0,17.0,152.0,69.0,4.1,4.1,21.0,15.0,27.0,33.0,77.8,45.5,8.1,4.4,219.0,144.0,371.0,213.0,2.0,3.0,-15.0,-24.0,8.0,4.0,14.0,13.0,57.099999999999994,30.8,1.0,1.0,0.0,0.0,0.0,0.0,0.0,0.0,2.0,4.0,20.0,28.0
2015110801,120,MIN,STL,21,18,1,0,34.0,36.0,147.0,160.0,4.3,4.4,15.0,18.0,27.0,33.0,55.60000000000001,54.50000000000001,5.5,4.8,148.0,160.0,295.0,320.0,1.0,1.0,-11.0,-8.0,3.0,2.0,13.0,16.0,23.1,12.5,0.0,0.0,0.0,0.0,1.0,0.0,1.0,0.0,6.0,12.0,67.0,87.0
2015110802,121,GB,CAR,29,37,0,1,19.0,36.0,71.0,130.0,3.7,3.6,25.0,15.0,48.0,30.0,52.1,50.0,6.9,9.9,331.0,297.0,402.0,427.0,5.0,0.0,-38.0,0.0,3.0,5.0,14.0,15.0,21.4,33.300000000000004,0.0,0.0,1.0,0.0,1.0,1.0,2.0,1.0,7.0,6.0,87.0,45.0
2015110803,122,WAS,NE,10,27,0,1,15.0,37.0,37.0,161.0,2.5,4.4,22.0,26.0,40.0,39.0,55.00000000000001,66.7,5.3,7.7,213.0,299.0,250.0,460.0,1.0,0.0,-4.0,0.0,7.0,9.0,14.0,16.0,50.0,56.2,1.0,0.0,1.0,1.0,1.0,1.0,2.0,2.0,4.0,6.0,27.0,43.0
2015110804,123,NO,TEN,28,34,0,1,27.0,28.0,61.0,112.0,2.3,4.0,28.0,28.0,39.0,39.0,71.8,71.8,9.1,9.5,355.0,371.0,416.0,483.0,4.0,0.0,-32.0,0.0,6.0,5.0,11.0,13.0,54.50000000000001,38.5,0.0,0.0,1.0,1.0,1.0,0.0,2.0,1.0,8.0,6.0,75.0,46.0
2015110805,124,MIA,BUF,17,33,0,1,24.0,36.0,108.0,266.0,4.5,7.4,27.0,11.0,36.0,12.0,75.0,91.7,8.0,12.8,289.0,154.0,397.0,420.0,2.0,3.0,-27.0,-27.0,4.0,8.0,9.0,13.0,44.4,61.5,0.0,0.0,1.0,0.0,1.0,0.0,2.0,0.0,8.0,13.0,62.0,94.0
2015110806,125,JAC,NYJ,23,28,0,1,19.0,28.0,98.0,29.0,5.2,1.0,24.0,21.0,40.0,34.0,60.0,61.8,8.4,7.7,338.0,261.0,436.0,290.0,6.0,2.0,-43.0,-11.0,7.0,5.0,16.0,15.0,43.8,33.300000000000004,0.0,0.0,2.0,0.0,2.0,0.0,4.0,0.0,4.0,6.0,30.0,41.0
2015110807,126,OAK,PIT,35,38,0,1,25.0,30.0,139.0,195.0,5.6,6.5,24.0,28.0,44.0,50.0,54.50000000000001,56.00000000000001,6.8,8.0,301.0,402.0,440.0,597.0,0.0,1.0,0.0,-11.0,6.0,6.0,14.0,17.0,42.9,35.3,0.0,1.0,3.0,1.0,1.0,1.0,4.0,2.0,3.0,5.0,21.0,42.0
2015110808,127,TB,NYG,18,32,0,1,23.0,33.0,136.0,114.0,5.9,3.5,19.0,26.0,36.0,40.0,52.800000000000004,65.0,6.9,5.3,247.0,213.0,383.0,327.0,0.0,0.0,0.0,0.0,6.0,9.0,13.0,16.0,46.2,56.2,0.0,1.0,3.0,0.0,0.0,2.0,3.0,2.0,9.0,6.0,79.0,49.0
2015110809,128,ATL,SF,16,17,0,1,14.0,38.0,17.0,133.0,1.2,3.5,30.0,15.0,45.0,26.0,66.7,57.699999999999996,6.3,7.1,285.0,185.0,302.0,318.0,2.0,0.0,-18.0,0.0,5.0,6.0,15.0,14.0,33.300000000000004,42.9,0.0,0.0,0.0,0.0,0.0,2.0,0.0,2.0,6.0,5.0,63.0,30.0
2015110810,129,IND,DEN,27,24,1,0,40.0,14.0,120.0,35.0,3.0,2.5,21.0,21.0,36.0,36.0,58.3,58.3,6.8,7.6,245.0,274.0,365.0,309.0,1.0,1.0,-7.0,-7.0,12.0,6.0,20.0,12.0,60.0,50.0,0.0,0.0,0.0,0.0,0.0,2.0,0.0,2.0,4.0,7.0,30.0,55.0
2015110900,130,DAL,PHI,27,33,0,1,29.0,35.0,134.0,172.0,4.6,4.9,25.0,25.0,38.0,36.0,65.8,69.39999999999999,7.3,8.0,277.0,287.0,411.0,459.0,4.0,1.0,-22.0,-8.0,8.0,3.0,16.0,13.0,50.0,23.1,0.0,0.0,0.0,0.0,1.0,0.0,1.0,0.0,8.0,10.0,58.0,70.0
2015111200,131,SD,CHI,19,22,0,1,19.0,29.0,77.0,109.0,4.1,3.8,25.0,27.0,41.0,40.0,61.0,67.5,6.2,8.4,254.0,337.0,331.0,446.0,2.0,1.0,-18.0,-8.0,6.0,9.0,12.0,15.0,50.0,60.0,1.0,0.0,1.0,1.0,0.0,1.0,1.0,2.0,8.0,6.0,54.0,55.0
2015111500,132,BUF,NYJ,22,17,1,0,32.0,24.0,148.0,128.0,4.6,5.3,17.0,15.0,27.0,34.0,63.0,44.1,4.9,5.6,132.0,190.0,280.0,318.0,4.0,1.0,-26.0,-3.0,5.0,3.0,16.0,13.0,31.2,23.1,1.0,2.0,0.0,2.0,0.0,2.0,0.0,4.0,5.0,3.0,44.0,20.0
2015111501,133,NO,WAS,14,47,0,1,25.0,31.0,158.0,209.0,6.3,6.7,19.0,20.0,28.0,25.0,67.9,80.0,6.9,12.0,192.0,301.0,350.0,510.0,2.0,3.0,-17.0,-23.0,4.0,6.0,11.0,11.0,36.4,54.50000000000001,2.0,0.0,0.0,0.0,2.0,0.0,2.0,0.0,7.0,5.0,50.0,26.0
2015111502,134,DET,GB,18,16,1,0,26.0,18.0,45.0,47.0,1.7,2.6,24.0,35.0,38.0,61.0,63.2,57.4,6.4,5.3,242.0,325.0,287.0,372.0,0.0,3.0,0.0,-8.0,5.0,9.0,16.0,19.0,31.2,47.4,0.0,0.0,0.0,0.0,1.0,0.0,1.0,0.0,3.0,5.0,35.0,55.0
2015111503,135,TB,DAL,10,6,1,0,26.0,21.0,84.0,42.0,3.2,2.0,22.0,19.0,39.0,29.0,56.39999999999999,65.5,6.3,6.0,246.0,174.0,330.0,216.0,2.0,3.0,-18.0,-12.0,4.0,4.0,12.0,13.0,33.300000000000004,30.8,0.0,0.0,1.0,0.0,2.0,1.0,3.0,1.0,7.0,6.0,62.0,65.0
2015111504,136,CAR,TEN,27,10,1,0,34.0,21.0,119.0,64.0,3.5,3.0,21.0,16.0,25.0,24.0,84.0,66.7,7.4,7.4,184.0,178.0,303.0,242.0,5.0,1.0,-33.0,-7.0,7.0,5.0,13.0,12.0,53.800000000000004,41.699999999999996,0.0,0.0,0.0,1.0,0.0,1.0,0.0,2.0,5.0,4.0,45.0,30.0
2015111505,137,CHI,STL,37,13,1,0,37.0,21.0,153.0,94.0,4.1,4.5,19.0,17.0,24.0,37.0,79.2,45.9,10.2,5.2,244.0,191.0,397.0,285.0,2.0,1.0,-14.0,-9.0,3.0,4.0,12.0,14.0,25.0,28.599999999999998,0.0,2.0,2.0,1.0,0.0,1.0,2.0,2.0,4.0,8.0,44.0,57.0
2015111506,138,PHI,MIA,19,20,0,1,35.0,26.0,83.0,99.0,2.4,3.8,33.0,21.0,48.0,36.0,68.8,58.3,7.4,5.1,353.0,184.0,436.0,283.0,4.0,4.0,-39.0,-33.0,7.0,5.0,18.0,15.0,38.9,33.300000000000004,2.0,0.0,0.0,0.0,1.0,0.0,1.0,0.0,7.0,8.0,54.0,84.0
2015111507,139,BAL,JAC,20,22,0,1,21.0,22.0,89.0,90.0,4.2,4.1,34.0,22.0,45.0,45.0,75.6,48.9,6.8,3.7,308.0,168.0,397.0,258.0,1.0,3.0,-8.0,-20.0,8.0,4.0,14.0,16.0,57.099999999999994,25.0,1.0,0.0,2.0,0.0,2.0,1.0,4.0,1.0,9.0,4.0,121.0,30.0
2015111508,140,CLE,PIT,9,30,0,1,14.0,21.0,15.0,60.0,1.1,2.9,33.0,25.0,45.0,37.0,73.3,67.60000000000001,7.3,10.8,327.0,399.0,342.0,459.0,6.0,1.0,-45.0,-3.0,5.0,3.0,13.0,10.0,38.5,30.0,1.0,1.0,2.0,1.0,1.0,1.0,3.0,2.0,12.0,5.0,188.0,50.0
2015111509,141,OAK,MIN,14,30,0,1,19.0,33.0,84.0,263.0,4.4,8.0,29.0,14.0,43.0,22.0,67.4,63.6,6.7,5.5,287.0,122.0,371.0,385.0,2.0,4.0,-15.0,-18.0,7.0,4.0,14.0,11.0,50.0,36.4,0.0,0.0,0.0,0.0,2.0,0.0,2.0,0.0,8.0,3.0,82.0,15.0
2015111510,142,NYG,NE,26,27,0,1,23.0,23.0,80.0,77.0,3.5,3.3,24.0,26.0,44.0,42.0,54.50000000000001,61.9,7.8,7.8,342.0,329.0,422.0,406.0,3.0,3.0,-19.0,-5.0,7.0,7.0,15.0,14.0,46.7,50.0,0.0,0.0,1.0,1.0,0.0,1.0,1.0,2.0,8.0,7.0,49.0,93.0
2015111511,143,KC,DEN,29,13,1,0,32.0,16.0,106.0,69.0,3.3,4.3,17.0,19.0,31.0,44.0,54.800000000000004,43.2,6.4,3.5,197.0,152.0,303.0,221.0,2.0,5.0,-7.0,-29.0,4.0,3.0,16.0,14.0,25.0,21.4,0.0,0.0,0.0,0.0,0.0,5.0,0.0,5.0,11.0,5.0,102.0,55.0
2015111600,144,SEA,ARI,32,39,0,1,18.0,33.0,115.0,117.0,6.4,3.5,14.0,29.0,32.0,47.0,43.8,61.7,7.1,7.1,228.0,334.0,343.0,451.0,2.0,3.0,-12.0,-29.0,1.0,8.0,8.0,17.0,12.5,47.099999999999994,0.0,0.0,0.0,2.0,1.0,1.0,1.0,3.0,14.0,9.0,131.0,66.0
2015111900,145,HOU,CIN,10,6,1,0,25.0,20.0,82.0,74.0,3.3,3.7,17.0,22.0,33.0,38.0,51.5,57.9,5.3,4.8,174.0,182.0,256.0,256.0,3.0,4.0,-18.0,-15.0,5.0,4.0,15.0,14.0,33.300000000000004,28.599999999999998,0.0,0.0,0.0,1.0,1.0,1.0,1.0,2.0,5.0,9.0,54.0,70.0
2015112200,146,JAC,TEN,19,13,1,0,23.0,26.0,90.0,104.0,3.9,4.0,21.0,22.0,31.0,35.0,67.7,62.9,7.0,6.1,218.0,212.0,308.0,316.0,4.0,4.0,-24.0,-19.0,4.0,5.0,13.0,13.0,30.8,38.5,0.0,0.0,1.0,1.0,1.0,0.0,2.0,1.0,8.0,6.0,88.0,59.0
2015112201,147,DEN,CHI,17,15,1,0,36.0,25.0,170.0,86.0,4.7,3.4,20.0,18.0,27.0,32.0,74.1,56.2,8.1,8.2,219.0,261.0,389.0,347.0,5.0,2.0,-31.0,-4.0,6.0,4.0,14.0,12.0,42.9,33.300000000000004,1.0,1.0,0.0,1.0,0.0,1.0,0.0,2.0,8.0,0.0,118.0,0.0
2015112202,148,OAK,DET,13,18,0,1,21.0,31.0,52.0,109.0,2.5,3.5,13.0,22.0,25.0,35.0,52.0,62.9,6.6,7.6,164.0,266.0,216.0,375.0,1.0,4.0,-5.0,-16.0,4.0,6.0,11.0,14.0,36.4,42.9,0.0,0.0,0.0,0.0,0.0,0.0,0.0,0.0,5.0,7.0,27.0,55.0
2015112203,149,ATL,IND,21,24,0,1,24.0,27.0,100.0,74.0,4.2,2.7,25.0,23.0,46.0,32.0,54.300000000000004,71.89999999999999,6.0,6.3,275.0,202.0,375.0,276.0,1.0,2.0,-5.0,-11.0,8.0,7.0,16.0,14.0,50.0,50.0,0.0,0.0,1.0,1.0,3.0,2.0,4.0,3.0,6.0,7.0,69.0,42.0
2015112204,150,NYJ,HOU,17,24,0,1,21.0,30.0,70.0,75.0,3.3,2.5,19.0,17.0,39.0,35.0,48.699999999999996,48.6,5.1,6.9,197.0,241.0,267.0,316.0,3.0,1.0,-19.0,-9.0,3.0,5.0,14.0,18.0,21.4,27.800000000000004,0.0,0.0,0.0,1.0,2.0,0.0,2.0,1.0,7.0,3.0,54.0,54.0
2015112205,151,TB,PHI,45,17,1,0,42.0,28.0,283.0,136.0,6.7,4.9,19.0,26.0,29.0,41.0,65.5,63.4,8.2,6.0,238.0,247.0,521.0,383.0,1.0,3.0,-8.0,-14.0,10.0,7.0,16.0,15.0,62.5,46.7,0.0,0.0,1.0,1.0,0.0,3.0,1.0,4.0,9.0,5.0,82.0,25.0
2015112206,152,GB,MIN,30,13,1,0,34.0,18.0,124.0,94.0,3.6,5.2,16.0,25.0,34.0,38.0,47.099999999999994,65.8,5.8,6.5,196.0,248.0,320.0,342.0,2.0,6.0,-16.0,-48.0,6.0,5.0,16.0,13.0,37.5,38.5,0.0,2.0,0.0,1.0,0.0,0.0,0.0,1.0,4.0,8.0,19.0,110.0
2015112207,153,WAS,CAR,16,44,0,1,12.0,39.0,14.0,142.0,1.2,3.6,22.0,21.0,30.0,34.0,73.3,61.8,5.7,6.6,172.0,226.0,186.0,368.0,5.0,2.0,-35.0,-20.0,2.0,7.0,9.0,14.0,22.2,50.0,0.0,1.0,4.0,0.0,1.0,0.0,5.0,0.0,9.0,8.0,68.0,66.0
2015112208,154,DAL,MIA,24,14,1,0,38.0,14.0,166.0,70.0,4.4,5.0,18.0,13.0,28.0,24.0,64.3,54.2,7.9,5.8,220.0,140.0,386.0,210.0,2.0,3.0,-7.0,-48.0,7.0,1.0,14.0,10.0,50.0,10.0,1.0,1.0,0.0,0.0,2.0,1.0,2.0,1.0,10.0,9.0,79.0,74.0
2015112209,155,BAL,STL,16,13,1,0,28.0,28.0,96.0,77.0,3.4,2.8,27.0,12.0,44.0,26.0,61.4,46.2,6.6,5.0,292.0,131.0,388.0,208.0,1.0,1.0,-7.0,-5.0,4.0,2.0,16.0,13.0,25.0,15.4,1.0,0.0,0.0,4.0,2.0,0.0,2.0,4.0,10.0,6.0,137.0,35.0
2015112210,156,CIN,ARI,31,34,0,1,28.0,25.0,99.0,82.0,3.5,3.3,22.0,20.0,39.0,31.0,56.39999999999999,64.5,7.1,9.7,278.0,301.0,377.0,383.0,4.0,2.0,-37.0,-16.0,5.0,5.0,13.0,11.0,38.5,45.5,0.0,0.0,1.0,0.0,0.0,2.0,1.0,2.0,10.0,7.0,108.0,40.0
2015112211,157,SEA,SF,29,13,1,0,44.0,16.0,255.0,59.0,5.8,3.7,24.0,22.0,29.0,34.0,82.8,64.7,8.7,7.3,253.0,247.0,508.0,306.0,2.0,2.0,-7.0,-17.0,8.0,2.0,14.0,11.0,57.099999999999994,18.2,0.0,0.0,0.0,0.0,0.0,0.0,0.0,0.0,8.0,5.0,51.0,42.0
2015112300,158,SD,KC,3,33,0,1,25.0,31.0,52.0,153.0,2.1,4.9,19.0,20.0,30.0,25.0,63.3,80.0,5.0,9.3,149.0,232.0,201.0,385.0,3.0,3.0,-29.0,-21.0,4.0,5.0,13.0,12.0,30.8,41.699999999999996,1.0,0.0,1.0,0.0,1.0,0.0,2.0,0.0,6.0,5.0,39.0,35.0
2015112600,159,NE,BUF,20,13,1,0,22.0,30.0,85.0,94.0,3.9,3.1,20.0,20.0,39.0,36.0,51.300000000000004,55.60000000000001,6.9,6.2,271.0,225.0,356.0,319.0,1.0,2.0,-6.0,-8.0,4.0,3.0,14.0,15.0,28.599999999999998,20.0,0.0,0.0,0.0,1.0,1.0,0.0,1.0,1.0,5.0,5.0,61.0,44.0
2015112601,160,DET,PHI,45,14,1,0,30.0,25.0,108.0,68.0,3.6,2.7,27.0,19.0,38.0,27.0,71.1,70.39999999999999,8.5,5.9,322.0,159.0,430.0,227.0,2.0,6.0,-15.0,-40.0,5.0,6.0,10.0,14.0,50.0,42.9,0.0,0.0,0.0,1.0,0.0,0.0,0.0,1.0,4.0,2.0,29.0,30.0
2015112602,161,CAR,DAL,33,14,1,0,37.0,14.0,129.0,31.0,3.5,2.2,16.0,24.0,27.0,40.0,59.3,60.0,6.1,4.5,165.0,179.0,294.0,210.0,1.0,2.0,-18.0,-20.0,8.0,6.0,16.0,13.0,50.0,46.2,0.0,1.0,0.0,0.0,0.0,3.0,0.0,3.0,8.0,5.0,53.0,40.0
2015112900,162,CHI,GB,17,13,1,0,31.0,28.0,101.0,177.0,3.3,6.3,19.0,22.0,31.0,43.0,61.3,51.2,6.1,4.4,189.0,188.0,290.0,365.0,1.0,2.0,-11.0,-14.0,5.0,3.0,14.0,11.0,35.699999999999996,27.3,0.0,2.0,0.0,1.0,0.0,1.0,0.0,2.0,12.0,3.0,95.0,38.0
2015112901,163,WAS,NYG,20,14,1,0,37.0,13.0,105.0,33.0,2.8,2.5,20.0,26.0,29.0,51.0,69.0,51.0,10.4,5.9,302.0,301.0,407.0,334.0,0.0,3.0,0.0,-22.0,4.0,3.0,15.0,15.0,26.700000000000003,20.0,1.0,0.0,0.0,0.0,0.0,3.0,0.0,3.0,7.0,4.0,80.0,35.0
2015112902,164,ATL,MIN,10,20,0,1,24.0,39.0,116.0,191.0,4.8,4.9,22.0,20.0,31.0,28.0,71.0,71.39999999999999,6.8,6.2,210.0,174.0,326.0,365.0,2.0,0.0,-20.0,0.0,5.0,7.0,11.0,12.0,45.5,58.3,1.0,0.0,1.0,0.0,2.0,1.0,3.0,1.0,6.0,9.0,78.0,53.0
2015112903,165,CIN,STL,31,7,1,0,31.0,16.0,140.0,34.0,4.5,2.1,21.0,36.0,28.0,53.0,75.0,67.9,8.4,4.7,236.0,251.0,376.0,285.0,0.0,1.0,0.0,-8.0,3.0,6.0,10.0,15.0,30.0,40.0,1.0,2.0,0.0,0.0,1.0,3.0,1.0,3.0,3.0,7.0,35.0,45.0
2015112904,166,HOU,NO,24,6,1,0,36.0,10.0,153.0,50.0,4.2,5.0,21.0,25.0,27.0,44.0,77.8,56.8,7.2,5.0,195.0,218.0,348.0,268.0,1.0,2.0,-10.0,-10.0,6.0,3.0,13.0,12.0,46.2,25.0,0.0,1.0,0.0,0.0,1.0,1.0,1.0,1.0,6.0,10.0,40.0,82.0
2015112905,167,TB,IND,12,25,0,1,21.0,26.0,132.0,27.0,6.3,1.0,20.0,26.0,36.0,42.0,55.60000000000001,61.9,5.9,7.4,212.0,309.0,344.0,336.0,5.0,3.0,-33.0,-6.0,6.0,7.0,13.0,16.0,46.2,43.8,1.0,0.0,0.0,0.0,1.0,0.0,1.0,0.0,12.0,6.0,95.0,45.0
2015112906,168,MIA,NYJ,20,38,0,1,9.0,34.0,12.0,137.0,1.3,4.0,33.0,22.0,58.0,37.0,56.89999999999999,59.5,5.5,7.4,321.0,274.0,333.0,411.0,3.0,1.0,-30.0,-3.0,4.0,10.0,15.0,17.0,26.700000000000003,58.8,0.0,1.0,1.0,0.0,1.0,0.0,2.0,0.0,6.0,6.0,45.0,40.0
2015112907,169,SD,JAC,31,25,1,0,26.0,19.0,79.0,102.0,3.0,5.4,29.0,30.0,43.0,49.0,67.4,61.199999999999996,6.7,6.5,290.0,318.0,369.0,420.0,2.0,2.0,-10.0,-11.0,6.0,5.0,14.0,15.0,42.9,33.300000000000004,1.0,1.0,0.0,0.0,0.0,1.0,0.0,1.0,8.0,6.0,70.0,35.0
2015112908,170,OAK,TEN,24,21,1,0,30.0,18.0,84.0,44.0,2.8,2.4,24.0,17.0,38.0,37.0,63.2,45.9,8.8,5.5,335.0,205.0,419.0,249.0,1.0,2.0,-7.0,-13.0,8.0,3.0,15.0,12.0,53.300000000000004,25.0,1.0,1.0,2.0,0.0,0.0,2.0,2.0,2.0,11.0,4.0,94.0,25.0
2015112909,171,KC,BUF,30,22,1,0,27.0,28.0,158.0,120.0,5.9,4.3,19.0,21.0,30.0,38.0,63.3,55.300000000000004,8.5,7.5,255.0,286.0,413.0,406.0,1.0,1.0,0.0,-5.0,6.0,5.0,13.0,12.0,46.2,41.699999999999996,0.0,1.0,0.0,2.0,0.0,0.0,0.0,2.0,8.0,9.0,58.0,91.0
2015112910,172,ARI,SF,19,13,1,0,29.0,17.0,70.0,67.0,2.4,3.9,24.0,25.0,40.0,36.0,60.0,69.39999999999999,6.7,8.4,267.0,301.0,337.0,368.0,1.0,2.0,-4.0,-17.0,7.0,0.0,14.0,9.0,50.0,0.0,1.0,1.0,0.0,1.0,0.0,1.0,0.0,2.0,7.0,13.0,47.0,81.0
2015112911,173,SEA,PIT,39,30,1,0,27.0,14.0,100.0,58.0,3.7,4.1,21.0,37.0,30.0,59.0,70.0,62.7,11.2,8.1,336.0,480.0,436.0,538.0,2.0,2.0,-9.0,-10.0,7.0,5.0,13.0,11.0,53.800000000000004,45.5,0.0,0.0,0.0,0.0,0.0,4.0,0.0,4.0,8.0,6.0,76.0,65.0
2015113000,174,NE,DEN,24,30,0,1,16.0,32.0,39.0,179.0,2.4,5.6,23.0,23.0,42.0,42.0,54.800000000000004,54.800000000000004,6.2,6.0,262.0,254.0,301.0,433.0,3.0,3.0,-18.0,-16.0,2.0,4.0,13.0,16.0,15.4,25.0,1.0,0.0,1.0,0.0,0.0,1.0,1.0,1.0,5.0,6.0,47.0,46.0
2015120300,175,CLE,BAL,27,33,0,1,17.0,23.0,56.0,104.0,3.3,4.5,28.0,20.0,48.0,34.0,58.3,58.8,5.7,6.8,275.0,232.0,331.0,336.0,2.0,0.0,-14.0,0.0,4.0,2.0,15.0,11.0,26.700000000000003,18.2,0.0,0.0,0.0,0.0,0.0,2.0,0.0,2.0,2.0,7.0,15.0,50.0
2015120600,176,DET,GB,23,27,0,1,25.0,24.0,101.0,67.0,4.0,2.8,23.0,24.0,35.0,36.0,65.7,66.7,5.9,7.5,205.0,270.0,306.0,337.0,3.0,3.0,-15.0,-27.0,6.0,3.0,16.0,12.0,37.5,25.0,0.0,0.0,1.0,0.0,0.0,1.0,1.0,1.0,9.0,7.0,108.0,55.0
2015120601,177,NYG,NYJ,20,23,0,1,24.0,24.0,74.0,90.0,3.1,3.8,18.0,36.0,33.0,50.0,54.50000000000001,72.0,8.5,7.5,281.0,373.0,355.0,463.0,3.0,3.0,-16.0,-17.0,4.0,6.0,14.0,15.0,28.599999999999998,40.0,0.0,0.0,0.0,1.0,1.0,0.0,1.0,1.0,8.0,8.0,60.0,61.0
2015120602,178,BUF,HOU,30,21,1,0,36.0,25.0,187.0,125.0,5.2,5.0,11.0,26.0,21.0,43.0,52.400000000000006,60.5,9.7,6.4,203.0,275.0,390.0,400.0,1.0,2.0,-8.0,-18.0,8.0,7.0,16.0,15.0,50.0,46.7,0.0,1.0,0.0,0.0,1.0,1.0,1.0,1.0,5.0,10.0,42.0,89.0
2015120603,179,BAL,MIA,13,15,0,1,26.0,26.0,94.0,137.0,3.6,5.3,32.0,9.0,46.0,19.0,69.6,47.4,6.1,4.3,281.0,82.0,375.0,219.0,3.0,1.0,-27.0,-4.0,5.0,4.0,14.0,13.0,35.699999999999996,30.8,1.0,0.0,0.0,1.0,2.0,0.0,2.0,1.0,4.0,5.0,35.0,31.0
2015120604,180,CLE,CIN,3,37,0,1,19.0,33.0,68.0,144.0,3.6,4.4,25.0,16.0,38.0,22.0,65.8,72.7,5.4,10.6,205.0,233.0,273.0,377.0,3.0,1.0,-25.0,-6.0,6.0,5.0,13.0,12.0,46.2,41.699999999999996,2.0,1.0,1.0,0.0,1.0,0.0,2.0,0.0,7.0,5.0,84.0,55.0
2015120605,181,TEN,JAC,42,39,1,0,35.0,21.0,210.0,81.0,6.0,3.9,20.0,24.0,29.0,36.0,69.0,66.7,8.9,8.4,257.0,302.0,467.0,383.0,4.0,2.0,-11.0,-20.0,8.0,10.0,13.0,14.0,61.5,71.39999999999999,0.0,1.0,1.0,1.0,1.0,0.0,2.0,1.0,4.0,6.0,38.0,21.0
2015120606,182,CHI,SF,20,26,0,1,42.0,23.0,170.0,121.0,4.0,5.3,18.0,18.0,31.0,32.0,58.099999999999994,56.2,6.3,5.3,194.0,170.0,364.0,291.0,1.0,4.0,-8.0,-26.0,8.0,7.0,17.0,16.0,47.099999999999994,43.8,0.0,0.0,0.0,0.0,1.0,0.0,1.0,0.0,8.0,6.0,72.0,50.0
2015120607,183,MIN,SEA,7,38,0,1,16.0,36.0,31.0,173.0,1.9,4.8,17.0,21.0,28.0,28.0,60.699999999999996,75.0,3.4,9.3,94.0,260.0,125.0,433.0,4.0,2.0,-24.0,-14.0,2.0,9.0,10.0,13.0,20.0,69.19999999999999,1.0,0.0,0.0,1.0,1.0,0.0,1.0,1.0,9.0,9.0,95.0,65.0
2015120608,184,CAR,NO,41,38,1,0,34.0,14.0,175.0,70.0,5.1,5.0,28.0,24.0,41.0,42.0,68.30000000000001,57.099999999999994,7.9,6.3,322.0,264.0,497.0,334.0,1.0,2.0,-9.0,-18.0,3.0,3.0,8.0,10.0,37.5,30.0,0.0,1.0,2.0,0.0,1.0,1.0,3.0,1.0,8.0,11.0,87.0,104.0
2015120609,185,ATL,TB,19,23,0,1,18.0,37.0,64.0,166.0,3.6,4.5,30.0,18.0,45.0,27.0,66.7,66.7,5.6,8.2,250.0,222.0,314.0,388.0,3.0,1.0,-19.0,-5.0,8.0,6.0,16.0,11.0,50.0,54.50000000000001,0.0,0.0,0.0,1.0,1.0,1.0,1.0,2.0,7.0,8.0,58.0,53.0
2015120610,186,STL,ARI,3,27,0,1,15.0,36.0,66.0,175.0,4.4,4.9,15.0,27.0,35.0,41.0,42.9,65.9,4.2,8.5,146.0,349.0,212.0,524.0,0.0,2.0,0.0,-13.0,1.0,7.0,12.0,16.0,8.3,43.8,1.0,1.0,0.0,0.0,1.0,0.0,1.0,0.0,7.0,3.0,104.0,25.0
2015120611,187,KC,OAK,34,20,1,0,22.0,24.0,89.0,99.0,4.0,4.1,16.0,31.0,22.0,48.0,72.7,64.60000000000001,6.5,5.5,143.0,262.0,232.0,361.0,4.0,4.0,-19.0,-21.0,3.0,6.0,8.0,14.0,37.5,42.9,0.0,2.0,2.0,0.0,0.0,3.0,2.0,3.0,11.0,4.0,88.0,21.0
2015120612,188,SD,DEN,3,17,0,1,23.0,39.0,93.0,134.0,4.0,3.4,18.0,16.0,35.0,26.0,51.4,61.5,5.1,6.1,179.0,159.0,272.0,293.0,4.0,1.0,-23.0,-7.0,5.0,6.0,14.0,13.0,35.699999999999996,46.2,2.0,0.0,2.0,0.0,1.0,1.0,3.0,1.0,8.0,3.0,72.0,18.0
2015120613,189,NE,PHI,28,35,0,1,25.0,33.0,103.0,128.0,4.1,3.9,30.0,14.0,57.0,24.0,52.6,58.3,5.7,5.0,324.0,120.0,427.0,248.0,4.0,1.0,-24.0,0.0,7.0,6.0,17.0,14.0,41.199999999999996,42.9,2.0,0.0,0.0,1.0,2.0,0.0,2.0,1.0,3.0,8.0,30.0,97.0
2015120700,190,IND,PIT,10,45,0,1,18.0,32.0,54.0,158.0,3.0,4.9,20.0,24.0,34.0,39.0,58.8,61.5,5.5,9.3,186.0,364.0,240.0,522.0,5.0,0.0,-34.0,0.0,3.0,8.0,14.0,13.0,21.4,61.5,2.0,0.0,1.0,2.0,2.0,0.0,3.0,2.0,5.0,4.0,30.0,48.0
2015121000,191,DAL,WAS,19,16,1,0,24.0,26.0,97.0,73.0,4.0,2.8,16.0,22.0,29.0,31.0,55.2,71.0,7.6,6.2,221.0,193.0,318.0,266.0,1.0,3.0,-2.0,-26.0,1.0,6.0,9.0,16.0,11.1,37.5,0.0,0.0,3.0,1.0,0.0,0.0,3.0,1.0,8.0,9.0,70.0,72.0
2015121300,192,MIN,ARI,20,23,0,1,24.0,29.0,72.0,97.0,3.0,3.3,25.0,25.0,36.0,35.0,69.39999999999999,71.39999999999999,8.8,8.5,317.0,296.0,389.0,393.0,3.0,2.0,-18.0,-14.0,6.0,6.0,11.0,13.0,54.50000000000001,46.2,0.0,0.0,3.0,0.0,0.0,0.0,3.0,0.0,3.0,4.0,25.0,30.0
2015121301,193,PHI,BUF,23,20,1,0,34.0,32.0,116.0,152.0,3.4,4.8,23.0,19.0,38.0,36.0,60.5,52.800000000000004,6.1,7.2,232.0,260.0,348.0,412.0,1.0,1.0,-15.0,-8.0,9.0,6.0,18.0,16.0,50.0,37.5,0.0,0.0,0.0,1.0,1.0,1.0,1.0,2.0,5.0,15.0,55.0,101.0
2015121302,194,TEN,NYJ,8,30,0,1,13.0,34.0,24.0,183.0,1.8,5.4,22.0,21.0,40.0,36.0,55.00000000000001,58.3,6.7,7.1,268.0,256.0,292.0,439.0,5.0,1.0,-47.0,-7.0,3.0,7.0,14.0,15.0,21.4,46.7,2.0,0.0,0.0,0.0,1.0,0.0,1.0,0.0,3.0,3.0,20.0,20.0
2015121303,195,CIN,PIT,20,33,0,1,16.0,28.0,64.0,84.0,4.0,3.0,25.0,30.0,37.0,39.0,67.60000000000001,76.9,8.7,6.9,321.0,270.0,385.0,354.0,3.0,2.0,-18.0,-12.0,3.0,8.0,8.0,14.0,37.5,57.099999999999994,0.0,0.0,0.0,0.0,3.0,1.0,3.0,1.0,4.0,4.0,27.0,67.0
2015121304,196,NE,HOU,27,6,1,0,31.0,20.0,116.0,87.0,3.7,4.4,22.0,12.0,30.0,24.0,73.3,50.0,6.6,4.2,197.0,102.0,313.0,189.0,3.0,6.0,-29.0,-57.0,7.0,3.0,16.0,14.0,43.8,21.4,0.0,2.0,1.0,1.0,0.0,0.0,1.0,1.0,6.0,4.0,46.0,36.0
2015121305,197,IND,JAC,16,51,0,1,23.0,29.0,95.0,154.0,4.1,5.3,20.0,16.0,43.0,30.0,46.5,53.300000000000004,5.3,7.5,227.0,226.0,322.0,380.0,3.0,3.0,-33.0,-24.0,4.0,2.0,16.0,9.0,25.0,22.2,1.0,0.0,1.0,2.0,1.0,0.0,2.0,2.0,8.0,5.0,85.0,40.0
2015121306,198,KC,SD,10,3,1,0,24.0,18.0,149.0,44.0,6.2,2.4,15.0,24.0,23.0,43.0,65.2,55.800000000000004,7.8,5.5,179.0,236.0,328.0,280.0,2.0,5.0,-12.0,-27.0,6.0,6.0,11.0,18.0,54.50000000000001,33.300000000000004,0.0,0.0,1.0,0.0,1.0,1.0,2.0,1.0,8.0,7.0,53.0,48.0
2015121307,199,CHI,WAS,21,24,0,1,22.0,33.0,87.0,99.0,4.0,3.0,19.0,24.0,31.0,31.0,61.3,77.4,9.4,8.9,290.0,275.0,377.0,374.0,3.0,3.0,-25.0,-25.0,5.0,7.0,11.0,12.0,45.5,58.3,0.0,0.0,1.0,0.0,0.0,1.0,1.0,1.0,7.0,8.0,79.0,63.0
2015121308,200,ATL,CAR,0,38,0,1,16.0,32.0,54.0,142.0,3.4,4.4,25.0,19.0,41.0,27.0,61.0,70.39999999999999,4.3,10.4,176.0,282.0,230.0,424.0,5.0,2.0,-59.0,-19.0,4.0,6.0,14.0,12.0,28.599999999999998,50.0,2.0,1.0,2.0,0.0,2.0,0.0,4.0,0.0,6.0,6.0,54.0,60.0
2015121309,201,NO,TB,24,17,1,0,35.0,19.0,87.0,115.0,2.5,6.1,31.0,18.0,41.0,32.0,75.6,56.2,7.3,5.5,301.0,176.0,388.0,291.0,2.0,1.0,-11.0,-6.0,12.0,4.0,17.0,11.0,70.6,36.4,0.0,0.0,0.0,0.0,0.0,0.0,0.0,0.0,12.0,8.0,95.0,80.0
2015121310,202,DET,STL,14,21,0,1,20.0,29.0,111.0,203.0,5.6,7.0,30.0,14.0,46.0,22.0,65.2,63.6,4.8,5.2,220.0,114.0,331.0,317.0,4.0,1.0,-25.0,-10.0,5.0,4.0,13.0,11.0,38.5,36.4,1.0,0.0,0.0,0.0,1.0,1.0,1.0,1.0,5.0,5.0,45.0,48.0
2015121311,203,SF,CLE,12,24,0,1,17.0,40.0,71.0,229.0,4.2,5.7,18.0,21.0,28.0,31.0,64.3,67.7,5.4,8.1,150.0,251.0,221.0,480.0,9.0,2.0,-44.0,-19.0,2.0,6.0,13.0,12.0,15.4,50.0,2.0,0.0,0.0,1.0,0.0,1.0,0.0,2.0,5.0,8.0,40.0,71.0
2015121312,204,OAK,DEN,15,12,1,0,23.0,21.0,27.0,34.0,1.2,1.6,12.0,35.0,29.0,51.0,41.4,68.60000000000001,3.4,5.4,99.0,276.0,126.0,310.0,3.0,5.0,-36.0,-32.0,3.0,4.0,15.0,18.0,20.0,22.2,0.0,2.0,0.0,2.0,0.0,0.0,0.0,2.0,10.0,4.0,70.0,27.0
2015121313,205,DAL,GB,7,28,0,1,20.0,44.0,171.0,230.0,8.6,5.2,13.0,22.0,29.0,35.0,44.800000000000004,62.9,3.4,5.9,99.0,205.0,270.0,435.0,2.0,2.0,-15.0,-13.0,1.0,7.0,11.0,14.0,9.1,50.0,2.0,1.0,0.0,0.0,1.0,0.0,1.0,0.0,6.0,8.0,30.0,69.0
2015121400,206,SEA,BAL,35,6,1,0,36.0,14.0,123.0,28.0,3.4,2.0,24.0,23.0,33.0,40.0,72.7,57.49999999999999,9.1,6.8,301.0,274.0,424.0,302.0,0.0,1.0,0.0,0.0,8.0,3.0,12.0,11.0,66.7,27.3,0.0,1.0,1.0,1.0,0.0,1.0,1.0,2.0,6.0,9.0,42.0,94.0
2015121700,207,NYG,MIA,31,24,1,0,31.0,22.0,92.0,128.0,3.0,5.8,27.0,25.0,31.0,41.0,87.1,61.0,10.9,5.7,337.0,234.0,429.0,362.0,0.0,1.0,0.0,-1.0,5.0,7.0,11.0,16.0,45.5,43.8,0.0,1.0,1.0,1.0,0.0,0.0,1.0,1.0,3.0,12.0,25.0,123.0
2015121900,208,TB,STL,23,31,0,1,27.0,33.0,146.0,98.0,5.4,3.0,28.0,14.0,49.0,17.0,57.099999999999994,82.39999999999999,7.3,13.0,356.0,221.0,502.0,319.0,0.0,2.0,0.0,-13.0,3.0,2.0,10.0,10.0,30.0,20.0,1.0,0.0,1.0,0.0,1.0,0.0,2.0,0.0,9.0,5.0,56.0,35.0
2015122000,209,NYJ,DAL,19,16,1,0,26.0,21.0,73.0,133.0,2.8,6.3,26.0,18.0,39.0,33.0,66.7,54.50000000000001,7.7,5.3,299.0,176.0,372.0,309.0,2.0,2.0,0.0,-19.0,5.0,2.0,14.0,11.0,35.699999999999996,18.2,1.0,0.0,0.0,0.0,1.0,4.0,1.0,4.0,8.0,6.0,61.0,54.0
2015122001,210,CAR,NYG,38,35,1,0,29.0,27.0,171.0,161.0,5.9,6.0,25.0,29.0,45.0,46.0,55.60000000000001,63.0,6.9,5.3,309.0,245.0,480.0,406.0,3.0,0.0,-31.0,0.0,9.0,6.0,17.0,15.0,52.900000000000006,40.0,0.0,0.0,1.0,1.0,0.0,1.0,1.0,2.0,7.0,7.0,88.0,47.0
2015122002,211,PHI,ARI,17,40,0,1,20.0,39.0,74.0,230.0,3.7,5.9,28.0,20.0,41.0,33.0,68.30000000000001,60.6,8.5,8.0,350.0,263.0,424.0,493.0,2.0,2.0,-11.0,-11.0,6.0,8.0,12.0,14.0,50.0,57.099999999999994,2.0,0.0,2.0,0.0,2.0,0.0,4.0,0.0,5.0,1.0,38.0,10.0
2015122003,212,MIN,CHI,38,17,1,0,36.0,20.0,129.0,94.0,3.6,4.7,17.0,26.0,20.0,37.0,85.0,70.3,11.0,5.4,221.0,199.0,350.0,293.0,1.0,5.0,-10.0,-32.0,8.0,5.0,12.0,12.0,66.7,41.699999999999996,0.0,0.0,0.0,1.0,0.0,1.0,0.0,2.0,4.0,6.0,45.0,39.0
2015122004,213,JAC,ATL,17,23,0,1,20.0,33.0,106.0,83.0,5.3,2.5,22.0,22.0,37.0,35.0,59.5,62.9,7.1,7.0,263.0,245.0,369.0,328.0,2.0,1.0,-12.0,-1.0,0.0,7.0,8.0,14.0,0.0,50.0,1.0,1.0,0.0,0.0,1.0,1.0,1.0,1.0,5.0,5.0,62.0,43.0
2015122005,214,IND,HOU,10,16,0,1,19.0,37.0,50.0,155.0,2.6,4.2,18.0,17.0,32.0,28.0,56.2,60.699999999999996,4.4,5.4,140.0,150.0,190.0,305.0,3.0,3.0,-20.0,-23.0,4.0,5.0,13.0,15.0,30.8,33.300000000000004,0.0,0.0,1.0,1.0,1.0,1.0,2.0,2.0,8.0,6.0,94.0,48.0
2015122006,215,NE,TEN,33,16,1,0,26.0,21.0,93.0,59.0,3.6,2.8,23.0,23.0,35.0,34.0,65.7,67.60000000000001,7.2,6.6,253.0,223.0,346.0,282.0,2.0,5.0,-14.0,-51.0,7.0,3.0,16.0,12.0,43.8,25.0,0.0,1.0,1.0,1.0,0.0,2.0,1.0,3.0,5.0,3.0,35.0,29.0
2015122007,216,BAL,KC,14,34,0,1,20.0,28.0,93.0,113.0,4.6,4.0,26.0,21.0,45.0,25.0,57.8,84.0,6.1,6.6,273.0,164.0,366.0,277.0,2.0,3.0,-8.0,-7.0,4.0,5.0,13.0,13.0,30.8,38.5,2.0,0.0,1.0,0.0,2.0,0.0,3.0,0.0,7.0,6.0,63.0,55.0
2015122008,217,BUF,WAS,25,35,0,1,30.0,27.0,241.0,123.0,8.0,4.6,16.0,22.0,27.0,28.0,59.3,78.60000000000001,7.9,11.0,212.0,308.0,453.0,431.0,5.0,1.0,-23.0,-11.0,5.0,7.0,13.0,11.0,38.5,63.6,2.0,0.0,0.0,1.0,0.0,0.0,0.0,1.0,8.0,5.0,56.0,6.0
2015122009,218,SEA,CLE,27,13,1,0,36.0,15.0,182.0,94.0,5.1,6.3,21.0,19.0,30.0,32.0,70.0,59.4,8.0,4.2,241.0,136.0,423.0,230.0,2.0,3.0,-8.0,-25.0,9.0,6.0,12.0,12.0,75.0,50.0,0.0,0.0,0.0,0.0,0.0,1.0,0.0,1.0,5.0,4.0,30.0,40.0
2015122010,219,OAK,GB,20,30,0,1,25.0,28.0,120.0,103.0,4.8,3.7,23.0,22.0,47.0,39.0,48.9,56.39999999999999,5.4,4.9,252.0,190.0,372.0,293.0,3.0,2.0,-24.0,-14.0,5.0,4.0,17.0,13.0,29.4,30.8,3.0,0.0,0.0,1.0,2.0,1.0,2.0,2.0,10.0,6.0,95.0,75.0
2015122011,220,DEN,PIT,27,34,0,1,25.0,17.0,104.0,23.0,4.2,1.4,21.0,40.0,44.0,55.0,47.699999999999996,72.7,6.4,6.4,281.0,354.0,385.0,377.0,2.0,3.0,-15.0,-26.0,9.0,7.0,17.0,15.0,52.900000000000006,46.7,2.0,0.0,1.0,0.0,1.0,2.0,2.0,2.0,12.0,9.0,127.0,63.0
2015122012,221,SD,MIA,30,14,1,0,36.0,19.0,140.0,44.0,3.9,2.3,26.0,20.0,36.0,34.0,72.2,58.8,8.4,5.5,302.0,187.0,442.0,231.0,1.0,3.0,-9.0,-29.0,9.0,2.0,14.0,14.0,64.3,14.299999999999999,0.0,0.0,0.0,1.0,2.0,0.0,2.0,1.0,7.0,9.0,48.0,72.0
2015122100,222,CIN,SF,24,14,1,0,34.0,17.0,74.0,55.0,2.2,3.2,15.0,30.0,21.0,50.0,71.39999999999999,60.0,8.3,5.3,174.0,263.0,248.0,318.0,4.0,4.0,-18.0,-32.0,4.0,2.0,14.0,14.0,28.599999999999998,14.299999999999999,1.0,0.0,1.0,1.0,0.0,3.0,1.0,4.0,6.0,11.0,45.0,98.0
2015122400,223,DET,NO,35,27,1,0,23.0,18.0,150.0,69.0,6.5,3.8,22.0,34.0,25.0,52.0,88.0,65.4,9.8,6.3,246.0,330.0,396.0,399.0,3.0,1.0,-8.0,-11.0,4.0,5.0,8.0,14.0,50.0,35.699999999999996,0.0,0.0,1.0,0.0,0.0,0.0,1.0,0.0,10.0,6.0,92.0,28.0
2015122600,224,SD,OAK,20,23,0,1,25.0,24.0,72.0,106.0,2.9,4.4,31.0,23.0,49.0,38.0,63.3,60.5,5.5,4.6,271.0,175.0,343.0,281.0,1.0,3.0,-6.0,-29.0,5.0,4.0,16.0,15.0,31.2,26.700000000000003,1.0,0.0,1.0,0.0,0.0,1.0,1.0,1.0,9.0,16.0,75.0,121.0
2015122700,225,WAS,PHI,38,24,1,0,26.0,16.0,67.0,45.0,2.6,2.8,30.0,37.0,45.0,56.0,66.7,66.10000000000001,7.5,6.3,338.0,353.0,405.0,398.0,2.0,5.0,-14.0,-27.0,5.0,7.0,14.0,19.0,35.699999999999996,36.8,0.0,1.0,0.0,2.0,0.0,0.0,0.0,2.0,8.0,8.0,70.0,45.0
2015122701,226,JAC,NO,27,38,0,1,15.0,35.0,65.0,135.0,4.3,3.9,27.0,25.0,35.0,36.0,77.10000000000001,69.39999999999999,9.9,11.2,347.0,402.0,412.0,537.0,2.0,1.0,-21.0,-10.0,5.0,8.0,9.0,13.0,55.60000000000001,61.5,0.0,0.0,0.0,0.0,2.0,0.0,2.0,0.0,8.0,5.0,55.0,40.0
2015122702,227,MIA,IND,12,18,0,1,25.0,23.0,82.0,100.0,3.3,4.3,26.0,17.0,38.0,29.0,68.4,58.599999999999994,7.3,5.8,279.0,168.0,361.0,268.0,6.0,2.0,-50.0,-9.0,6.0,6.0,15.0,12.0,40.0,50.0,1.0,0.0,0.0,0.0,1.0,0.0,1.0,0.0,9.0,6.0,50.0,60.0
2015122703,228,NE,NYJ,20,26,0,1,21.0,27.0,63.0,143.0,3.0,5.3,22.0,26.0,31.0,41.0,71.0,63.4,7.1,7.0,221.0,285.0,284.0,428.0,2.0,1.0,-10.0,-11.0,1.0,5.0,10.0,13.0,10.0,38.5,0.0,0.0,0.0,1.0,1.0,0.0,1.0,1.0,1.0,6.0,7.0,39.0
2015122704,229,HOU,TEN,34,6,1,0,40.0,11.0,120.0,30.0,3.0,2.7,16.0,27.0,26.0,51.0,61.5,52.900000000000006,7.8,4.5,202.0,227.0,322.0,257.0,1.0,1.0,-5.0,-7.0,7.0,4.0,16.0,16.0,43.8,25.0,0.0,0.0,1.0,3.0,0.0,1.0,1.0,4.0,4.0,4.0,28.0,43.0
2015122705,230,CLE,KC,13,17,0,1,35.0,27.0,222.0,136.0,6.3,5.0,13.0,15.0,32.0,22.0,40.6,68.2,4.2,5.5,136.0,122.0,358.0,258.0,0.0,1.0,0.0,-3.0,6.0,4.0,15.0,12.0,40.0,33.300000000000004,1.0,0.0,0.0,0.0,1.0,1.0,1.0,1.0,8.0,5.0,83.0,33.0
2015122706,231,DET,SF,32,17,1,0,28.0,23.0,87.0,121.0,3.1,5.3,29.0,22.0,37.0,33.0,78.4,66.7,7.7,6.1,284.0,201.0,371.0,322.0,2.0,3.0,-17.0,-24.0,4.0,1.0,12.0,9.0,33.300000000000004,11.1,0.0,2.0,0.0,1.0,0.0,0.0,0.0,1.0,7.0,11.0,71.0,65.0
2015122707,232,NYG,MIN,17,49,0,1,20.0,40.0,91.0,218.0,4.6,5.4,20.0,15.0,34.0,25.0,58.8,60.0,8.0,6.0,272.0,150.0,363.0,368.0,4.0,3.0,-30.0,-18.0,1.0,6.0,11.0,16.0,9.1,37.5,2.0,0.0,0.0,1.0,3.0,0.0,3.0,1.0,7.0,2.0,48.0,10.0
2015122708,233,ATL,CAR,20,13,1,0,30.0,20.0,77.0,155.0,2.6,7.8,23.0,17.0,30.0,30.0,76.7,56.699999999999996,9.9,3.8,296.0,113.0,373.0,268.0,2.0,2.0,-10.0,-29.0,9.0,4.0,15.0,10.0,60.0,40.0,0.0,1.0,1.0,1.0,0.0,0.0,1.0,1.0,3.0,4.0,20.0,40.0
2015122709,234,TB,CHI,21,26,0,1,25.0,39.0,104.0,174.0,4.2,4.5,15.0,20.0,29.0,27.0,51.7,74.1,9.8,5.7,285.0,153.0,389.0,327.0,1.0,1.0,-10.0,-3.0,2.0,6.0,8.0,15.0,25.0,40.0,0.0,1.0,2.0,0.0,1.0,0.0,3.0,0.0,4.0,3.0,47.0,25.0
2015122710,235,BUF,DAL,16,6,1,0,40.0,25.0,241.0,121.0,6.0,4.8,12.0,13.0,17.0,31.0,70.6,41.9,7.9,6.0,135.0,186.0,376.0,307.0,3.0,0.0,-7.0,0.0,5.0,7.0,13.0,14.0,38.5,50.0,1.0,0.0,1.0,1.0,1.0,1.0,2.0,2.0,7.0,8.0,62.0,65.0
2015122711,236,GB,ARI,8,38,0,1,26.0,26.0,101.0,121.0,3.9,4.7,15.0,19.0,28.0,28.0,53.6,67.9,1.4,9.3,39.0,260.0,140.0,381.0,9.0,2.0,-78.0,-9.0,4.0,5.0,16.0,10.0,25.0,50.0,1.0,0.0,3.0,1.0,1.0,1.0,4.0,2.0,7.0,10.0,59.0,119.0
2015122712,237,SEA,STL,17,23,0,1,22.0,30.0,59.0,102.0,2.7,3.4,25.0,14.0,41.0,23.0,61.0,60.9,6.2,4.5,253.0,103.0,312.0,205.0,4.0,0.0,-36.0,0.0,8.0,4.0,17.0,12.0,47.099999999999994,33.300000000000004,0.0,0.0,2.0,0.0,1.0,0.0,3.0,0.0,10.0,5.0,83.0,60.0
2015122800,238,BAL,PIT,20,17,1,0,31.0,20.0,121.0,110.0,3.9,5.5,28.0,24.0,41.0,34.0,68.30000000000001,70.6,6.5,5.7,265.0,193.0,386.0,303.0,1.0,3.0,-9.0,-22.0,9.0,2.0,18.0,8.0,50.0,25.0,0.0,2.0,0.0,1.0,0.0,2.0,0.0,3.0,12.0,3.0,121.0,25.0
2016010300,239,DEN,CIN,20,17,1,0,21.0,33.0,113.0,108.0,5.4,3.3,27.0,22.0,39.0,35.0,69.19999999999999,62.9,7.1,5.3,277.0,186.0,390.0,294.0,3.0,2.0,-22.0,-14.0,4.0,10.0,11.0,17.0,36.4,58.8,0.0,0.0,1.0,1.0,0.0,0.0,1.0,1.0,5.0,6.0,40.0,45.0
2016010301,240,BUF,NYJ,22,17,1,0,42.0,17.0,113.0,122.0,2.7,7.2,18.0,16.0,29.0,37.0,62.1,43.2,6.3,4.8,182.0,178.0,295.0,300.0,2.0,1.0,0.0,-3.0,9.0,3.0,20.0,11.0,45.0,27.3,0.0,0.0,1.0,0.0,0.0,3.0,1.0,3.0,4.0,6.0,45.0,41.0
2016010302,241,NE,MIA,10,20,0,1,27.0,34.0,70.0,96.0,2.6,2.8,13.0,25.0,25.0,38.0,52.0,65.8,5.0,9.0,126.0,342.0,196.0,438.0,2.0,1.0,-14.0,-8.0,4.0,8.0,14.0,17.0,28.599999999999998,47.099999999999994,1.0,1.0,0.0,0.0,0.0,0.0,0.0,0.0,7.0,10.0,41.0,93.0
2016010303,242,BAL,CIN,16,24,0,1,21.0,26.0,59.0,135.0,2.8,5.2,30.0,17.0,56.0,27.0,53.6,63.0,5.0,5.4,282.0,147.0,341.0,282.0,1.0,3.0,-10.0,-13.0,12.0,0.0,20.0,9.0,60.0,0.0,2.0,0.0,0.0,0.0,2.0,0.0,2.0,0.0,4.0,11.0,38.0,72.0
2016010304,243,CLE,PIT,12,28,0,1,23.0,19.0,86.0,30.0,3.7,1.6,24.0,24.0,46.0,36.0,52.2,66.7,3.9,9.7,178.0,349.0,264.0,379.0,7.0,0.0,-63.0,0.0,4.0,2.0,16.0,8.0,25.0,25.0,2.0,0.0,2.0,1.0,2.0,2.0,4.0,3.0,8.0,9.0,47.0,45.0
2016010305,244,HOU,JAC,30,6,1,0,29.0,14.0,154.0,32.0,5.3,2.3,25.0,17.0,41.0,32.0,61.0,53.1,5.9,5.7,242.0,183.0,396.0,215.0,2.0,8.0,-7.0,-56.0,8.0,1.0,17.0,12.0,47.099999999999994,8.3,1.0,1.0,0.0,2.0,1.0,2.0,1.0,4.0,9.0,7.0,55.0,53.0
2016010306,245,TEN,IND,24,30,0,1,27.0,30.0,137.0,120.0,5.1,4.0,15.0,21.0,27.0,38.0,55.60000000000001,55.300000000000004,3.5,5.3,94.0,200.0,231.0,320.0,4.0,1.0,-43.0,-7.0,4.0,7.0,14.0,17.0,28.599999999999998,41.199999999999996,1.0,0.0,0.0,0.0,1.0,1.0,1.0,1.0,6.0,6.0,60.0,71.0
2016010307,246,OAK,KC,17,23,0,1,16.0,39.0,48.0,189.0,3.0,4.8,21.0,15.0,33.0,25.0,63.6,60.0,4.8,6.0,157.0,150.0,205.0,339.0,6.0,1.0,-37.0,-9.0,3.0,6.0,14.0,13.0,21.4,46.2,1.0,1.0,0.0,0.0,1.0,2.0,1.0,2.0,7.0,5.0,59.0,55.0
2016010308,247,WAS,DAL,34,23,1,0,36.0,16.0,146.0,100.0,4.1,6.2,19.0,33.0,26.0,48.0,73.1,68.8,11.2,8.6,291.0,412.0,437.0,512.0,1.0,4.0,-13.0,-23.0,7.0,2.0,14.0,10.0,50.0,20.0,0.0,0.0,0.0,2.0,0.0,2.0,0.0,4.0,3.0,4.0,20.0,44.0
2016010309,248,NYG,PHI,30,35,0,1,36.0,26.0,208.0,120.0,5.8,4.6,24.0,30.0,43.0,38.0,55.800000000000004,78.9,6.8,8.3,294.0,315.0,502.0,435.0,2.0,1.0,-8.0,-5.0,7.0,10.0,15.0,13.0,46.7,76.9,1.0,0.0,1.0,2.0,0.0,1.0,1.0,3.0,2.0,3.0,10.0,11.0
2016010310,249,CHI,DET,20,24,0,1,24.0,21.0,105.0,67.0,4.4,3.2,17.0,28.0,23.0,39.0,73.9,71.8,10.2,7.2,234.0,282.0,339.0,349.0,4.0,4.0,-11.0,-16.0,7.0,4.0,12.0,10.0,58.3,40.0,0.0,1.0,0.0,0.0,3.0,0.0,3.0,0.0,1.0,4.0,15.0,21.0
2016010311,250,GB,MIN,13,20,0,1,26.0,27.0,76.0,151.0,2.9,5.6,28.0,10.0,44.0,19.0,63.6,52.6,6.2,4.8,274.0,91.0,350.0,242.0,5.0,3.0,-17.0,-8.0,2.0,2.0,15.0,11.0,13.3,18.2,2.0,0.0,1.0,1.0,1.0,1.0,2.0,2.0,7.0,5.0,54.0,37.0
2016010312,251,ATL,NO,17,20,0,1,26.0,22.0,92.0,67.0,3.5,3.0,24.0,32.0,36.0,43.0,66.7,74.4,9.1,7.5,327.0,323.0,419.0,390.0,1.0,0.0,-7.0,0.0,8.0,6.0,12.0,10.0,66.7,60.0,0.0,1.0,1.0,1.0,1.0,0.0,2.0,1.0,4.0,4.0,32.0,45.0
2016010313,252,TB,CAR,10,38,0,1,22.0,32.0,77.0,111.0,3.5,3.5,29.0,21.0,47.0,26.0,61.7,80.80000000000001,6.6,9.8,309.0,255.0,386.0,366.0,2.0,4.0,-16.0,-38.0,8.0,7.0,16.0,10.0,50.0,70.0,1.0,0.0,1.0,2.0,2.0,0.0,3.0,2.0,5.0,7.0,65.0,33.0
2016010314,253,SD,DEN,20,27,0,1,29.0,32.0,110.0,210.0,3.8,6.6,21.0,19.0,35.0,31.0,60.0,61.3,6.1,9.5,212.0,293.0,322.0,503.0,2.0,2.0,-16.0,-8.0,6.0,5.0,17.0,11.0,35.3,45.5,2.0,0.0,0.0,3.0,1.0,2.0,1.0,5.0,7.0,6.0,45.0,35.0
2016010315,254,SEA,ARI,36,6,1,0,37.0,13.0,145.0,27.0,3.9,2.1,22.0,20.0,32.0,43.0,68.8,46.5,6.5,4.8,209.0,205.0,354.0,232.0,1.0,2.0,-16.0,-8.0,8.0,5.0,15.0,12.0,53.300000000000004,41.699999999999996,0.0,0.0,0.0,0.0,0.0,3.0,0.0,3.0,6.0,6.0,70.0,43.0
2016010315,255,SF,STL,19,16,1,0,33.0,33.0,108.0,133.0,0.0,0.0,28.0,22.0,44.0,38.0,0.0,0.0,0.0,0.0,354.0,231.0,0.0,0.0,1.0,0.0,-4.0,0.0,8.0,3.0,18.0,13.0,0.0,0.0,1.0,1.0,0.0,0.0,1.0,0.0,0.0,0.0,7.0,11.0,60.0,105.0
